smiles,admet_id,target,compound_id,diverse_rank,priority_score,ensemble_calibrated_mean,ensemble_calibrated_std,label,canonical_smiles,scaffold,mw,logp,tpsa,hbd,hba,rotb,lipinski_violations,veber_pass,molecular_weight,logP,hydrogen_bond_acceptors,hydrogen_bond_donors,Lipinski,QED,stereo_centers,tpsa.1,PAINS_alert,BRENK_alert,NIH_alert,AMES,BBB_Martins,Bioavailability_Ma,CYP1A2_Veith,CYP2C19_Veith,CYP2C9_Substrate_CarbonMangels,CYP2C9_Veith,CYP2D6_Substrate_CarbonMangels,CYP2D6_Veith,CYP3A4_Substrate_CarbonMangels,CYP3A4_Veith,Carcinogens_Lagunin,ClinTox,DILI,HIA_Hou,NR-AR-LBD,NR-AR,NR-AhR,NR-Aromatase,NR-ER-LBD,NR-ER,NR-PPAR-gamma,PAMPA_NCATS,Pgp_Broccatelli,SR-ARE,SR-ATAD5,SR-HSE,SR-MMP,SR-p53,Skin_Reaction,hERG,Caco2_Wang,Clearance_Hepatocyte_AZ,Clearance_Microsome_AZ,Half_Life_Obach,HydrationFreeEnergy_FreeSolv,LD50_Zhu,Lipophilicity_AstraZeneca,PPBR_AZ,Solubility_AqSolDB,VDss_Lombardo,molecular_weight_drugbank_approved_percentile,logP_drugbank_approved_percentile,hydrogen_bond_acceptors_drugbank_approved_percentile,hydrogen_bond_donors_drugbank_approved_percentile,Lipinski_drugbank_approved_percentile,QED_drugbank_approved_percentile,stereo_centers_drugbank_approved_percentile,tpsa_drugbank_approved_percentile,PAINS_alert_drugbank_approved_percentile,BRENK_alert_drugbank_approved_percentile,NIH_alert_drugbank_approved_percentile,AMES_drugbank_approved_percentile,BBB_Martins_drugbank_approved_percentile,Bioavailability_Ma_drugbank_approved_percentile,CYP1A2_Veith_drugbank_approved_percentile,CYP2C19_Veith_drugbank_approved_percentile,CYP2C9_Substrate_CarbonMangels_drugbank_approved_percentile,CYP2C9_Veith_drugbank_approved_percentile,CYP2D6_Substrate_CarbonMangels_drugbank_approved_percentile,CYP2D6_Veith_drugbank_approved_percentile,CYP3A4_Substrate_CarbonMangels_drugbank_approved_percentile,CYP3A4_Veith_drugbank_approved_percentile,Carcinogens_Lagunin_drugbank_approved_percentile,ClinTox_drugbank_approved_percentile,DILI_drugbank_approved_percentile,HIA_Hou_drugbank_approved_percentile,NR-AR-LBD_drugbank_approved_percentile,NR-AR_drugbank_approved_percentile,NR-AhR_drugbank_approved_percentile,NR-Aromatase_drugbank_approved_percentile,NR-ER-LBD_drugbank_approved_percentile,NR-ER_drugbank_approved_percentile,NR-PPAR-gamma_drugbank_approved_percentile,PAMPA_NCATS_drugbank_approved_percentile,Pgp_Broccatelli_drugbank_approved_percentile,SR-ARE_drugbank_approved_percentile,SR-ATAD5_drugbank_approved_percentile,SR-HSE_drugbank_approved_percentile,SR-MMP_drugbank_approved_percentile,SR-p53_drugbank_approved_percentile,Skin_Reaction_drugbank_approved_percentile,hERG_drugbank_approved_percentile,Caco2_Wang_drugbank_approved_percentile,Clearance_Hepatocyte_AZ_drugbank_approved_percentile,Clearance_Microsome_AZ_drugbank_approved_percentile,Half_Life_Obach_drugbank_approved_percentile,HydrationFreeEnergy_FreeSolv_drugbank_approved_percentile,LD50_Zhu_drugbank_approved_percentile,Lipophilicity_AstraZeneca_drugbank_approved_percentile,PPBR_AZ_drugbank_approved_percentile,Solubility_AqSolDB_drugbank_approved_percentile,VDss_Lombardo_drugbank_approved_percentile,toxicity_risk_flags,nuclear_receptor_risk_flags,stress_response_risk_flags,cyp_inhibition_flags,structural_alert_flags,absorption_support,toxicity_burden,property_support,admet_support_score,integrated_admet_priority,admet_priority_rank
COc1ccc(C2=Nn3c(nnc3-c3ccccc3OC)SC2)cc1OC,MAPK1_rank04_cid861731,MAPK1,861731,4,0.9131231336459392,0.0651282057739221,0.0166804667455778,1,COc1ccc(C2=Nn3c(nnc3-c3ccccc3OC)SC2)cc1OC,c1ccc(C2=Nn3c(nnc3-c3ccccc3)SC2)cc1,382.44500000000016,3.3290000000000015,70.76,0,7,5,0,True,382.44500000000016,3.3290000000000015,7,0,4.0,0.6741011034538452,0,70.76,0,0,0,0.4418559,0.9364311,0.91041815,0.87112206,0.9601014,0.16964555,0.81665146,0.17607579,0.07167995,0.8359051,0.9052129,0.050963096,0.054923385,0.95709753,0.9999995,0.0025757526,0.015819604,0.5855632,0.23589917,0.010716015,0.10690121,0.007285732,0.9906605,0.7006481,0.32834116,0.08255315,0.027992826,0.32294083,0.02431189,0.25365752,0.7135991,-4.8952117,80.90616,79.86546,-0.9464623,-10.754206,2.2423425,2.2083683,100.04055,-5.206417,-3.549195,61.12478031634447,66.32688927943761,79.85940246045695,11.63444639718805,63.44463971880493,70.86115992970123,22.601054481546576,47.1353251318102,47.59226713532514,25.869947275922673,37.188049209138846,73.60281195079087,75.1493848857645,82.7768014059754,93.70826010544816,98.5237258347979,62.39015817223199,96.80140597539544,64.67486818980669,54.6572934973638,96.09841827768015,94.83304042179265,16.766256590509666,34.13005272407733,91.31810193321616,98.5237258347979,15.325131810193325,32.30228471001758,94.90333919156416,88.6115992970123,37.68014059753955,59.96485061511424,52.37258347978911,97.6449912126538,85.3427065026362,72.65377855887523,83.19859402460457,60.878734622144115,80.07029876977154,45.694200351493855,15.957820738137084,73.0755711775044,52.79437609841828,80.14059753954307,84.07732864674868,20.421792618629176,64.81546572934974,37.53954305799649,65.97539543057997,89.06854130052724,11.56414762741652,7.135325131810194,2,1,0,4,0,0.8176191126738724,0.520956375,0.5532509443303605,0.6404463818351751,0.6583246078613244,1
O=C(Nc1ccc(F)c(F)c1)c1ccc(F)c(S(=O)(=O)N2CCOCC2)c1,MAPK1_rank16_cid4247709,MAPK1,4247709,16,0.9010125839817252,0.0651282057739221,0.0166804667455778,0,O=C(Nc1ccc(F)c(F)c1)c1ccc(F)c(S(=O)(=O)N2CCOCC2)c1,O=C(Nc1ccccc1)c1cccc(S(=O)(=O)N2CCOCC2)c1,400.3780000000002,2.3771000000000004,75.71000000000001,1,4,4,0,True,400.3780000000002,2.3771000000000004,4,1,4.0,0.8552234364033712,0,75.71000000000001,0,0,0,0.19870946,0.82767475,0.8724863,0.46729988,0.77263737,0.38288066,0.7179081,0.117365316,0.050293982,0.62545687,0.3924165,0.20859715,0.057816148,0.96179485,0.99980867,0.016774386,0.035173308,0.21149185,0.18106781,0.033025183,0.13546385,0.060274083,0.9323273,0.5500134,0.35692343,0.041431207,0.029239181,0.44570914,0.106542684,0.32149488,0.34268707,-4.3643894,85.11354,60.97686,34.367695,-10.751849,2.002326,2.6727204,86.42762,-4.4974923,1.5425993,65.41300527240774,50.22847100175748,48.55887521968366,36.59050966608085,63.44463971880493,95.67662565905096,22.601054481546576,51.24780316344464,47.59226713532514,25.869947275922673,37.188049209138846,46.783831282952555,60.17574692442883,69.20913884007031,79.96485061511424,93.77855887521967,94.37609841827768,94.97363796133568,52.16168717047452,49.10369068541301,70.47451669595783,78.38312829525483,61.26537785588753,35.36028119507909,92.40773286467488,69.56063268892795,61.61687170474517,63.65553602811951,81.82776801405976,84.56942003514939,65.79964850615114,70.96660808435853,82.39015817223199,73.0755711775044,79.57820738137083,74.86818980667839,74.51669595782074,61.61687170474517,85.4481546572935,74.34094903339192,24.077328646748683,54.20035149384886,89.27943760984184,81.96836555360282,75.60632688927944,71.73989455184535,64.85061511423551,23.65553602811951,74.0597539543058,63.47978910369069,22.7768014059754,51.739894551845346,1,0,0,2,0,0.9796120915,0.40988514136000004,0.6428716750939416,0.7643786375428796,0.6569817681520373,2
COc1ccc(-c2nc(C#N)c(NCCC[NH+](C)C)o2)cc1OC,MAPK1_rank08_cid862804,MAPK1,862804,8,0.9103647279872814,0.0623809530266693,0.0127952646511462,0,COc1ccc(-c2nc(C#N)c(NCCC[NH+](C)C)o2)cc1OC,c1ccc(-c2ncco2)cc1,331.3960000000001,1.1769799999999997,84.75,2,6,8,0,True,331.3960000000001,1.1769799999999997,6,2,4.0,0.7066892376362821,0,84.75,0,1,0,0.67894983,0.4688725,0.70203364,0.42318696,0.09840958,0.03132256,0.034470595,0.39872694,0.14794886,0.38303342,0.43190175,0.22843397,0.10630523,0.45418477,0.89319694,0.1480077,0.104087785,0.48505893,0.121613026,0.041898318,0.108732425,0.006516126,0.7386635,0.1396918,0.36163402,0.08402859,0.03005057,0.15211454,0.15849231,0.5596649,0.8164285,-4.804864,30.049906,9.027407,29.380121,-13.243472,2.389037,0.2123135,59.427223,-2.9270213,12.0235615,49.49033391915642,33.919156414762746,72.46045694200352,61.37082601054482,63.44463971880493,76.20386643233743,22.601054481546576,57.85588752196837,47.59226713532514,66.52021089630932,37.188049209138846,90.47451669595785,30.579964850615116,33.63796133567663,78.45342706502637,51.59929701230229,16.2390158172232,50.017574692442885,82.56590509666081,67.27592267135326,44.56942003514939,79.85940246045695,65.02636203866433,52.513181019332166,53.00527240773287,25.97539543057997,91.84534270650263,91.45869947275924,92.89982425307558,78.45342706502637,71.59929701230229,60.84358523725835,50.158172231985944,46.71353251318102,56.97715289982426,75.3602811950791,83.55008787346222,62.21441124780317,69.77152899824253,80.7029876977153,55.2548330404218,80.45694200351494,58.80492091388401,48.57644991212654,32.61862917398946,68.33040421792619,46.467486818980674,46.151142355008794,33.602811950790866,35.782073813708266,54.30579964850616,92.82952548330404,3,0,0,0,1,0.72547765814689,0.5295540919999999,0.7219334545536341,0.660479249352528,0.6551459348086729,3
C=CCSc1nc2c(c(=O)[nH]c(=O)n2C)n1CC,MAPK1_rank15_cid849019,MAPK1,849019,15,0.901911776324042,0.0635340263162994,0.0144259565357512,0,C=CCSc1nc2c(c(=O)[nH]c(=O)n2C)n1CC,O=c1[nH]c(=O)c2[nH]cnc2[nH]1,266.32599999999996,0.7213,72.68,1,4,4,0,True,266.32599999999996,0.7213,4,1,4.0,0.6535483987873506,0,72.68,0,1,0,0.29536098,0.90914553,0.9008812,0.34754223,0.0750615,0.33921093,0.055754066,0.13645892,0.007734486,0.47838092,0.024234267,0.29867274,0.060369194,0.9147092,0.99905574,0.017488614,0.020498963,0.05923537,0.009442346,0.0046202866,0.05073736,0.010175103,0.8970947,0.018476617,0.10544761,0.029861882,0.017097658,0.006822205,0.038858015,0.54324114,0.06945268,-4.422573,60.286415,25.428469,-0.54175127,-12.702985,1.9681766,1.4515595,75.01117,-3.3040593,-0.48172933,31.282952548330407,29.279437609841832,48.55887521968366,36.59050966608085,63.44463971880493,67.48681898066785,22.601054481546576,48.20738137082601,47.59226713532514,66.52021089630932,37.188049209138846,59.64850615114237,70.40421792618629,79.33216168717048,74.86818980667839,47.17047451669596,91.45869947275924,56.73110720562391,57.99648506151143,21.79261862917399,53.286467486818985,42.108963093145874,76.8365553602812,36.48506151142355,84.81546572934974,56.8365553602812,62.636203866432346,41.37082601054482,64.99121265377856,39.36731107205624,16.977152899824254,21.86291739894552,58.34797891036907,64.81546572934974,37.85588752196837,45.4481546572935,69.87697715289983,51.77504393673111,31.985940246045697,55.64147627416521,52.89982425307558,27.732864674868193,86.46748681898067,70.22847100175747,50.017574692442885,21.15992970123023,49.73637961335677,22.10896309314587,52.68892794376099,51.107205623901585,45.90509666080844,30.826010544815468,2,0,0,0,1,0.9540099346782396,0.3912249044799999,0.6016990584213268,0.7443924181987602,0.6545100828321339,4
N#Cc1cccc(-c2nccc(NCc3ccccc3)n2)c1,MAPK1_rank03_cid4238114,MAPK1,4238114,3,0.913777930117805,0.0651282057739221,0.0166804667455778,0,N#Cc1cccc(-c2nccc(NCc3ccccc3)n2)c1,c1ccc(CNc2ccnc(-c3ccccc3)n2)cc1,286.338,3.6273800000000014,61.6,1,4,4,0,True,286.338,3.6273800000000014,4,1,4.0,0.7952495417840248,0,61.6,0,0,0,0.81452864,0.8785043,0.93857175,0.9951789,0.7521445,0.12000158,0.12185596,0.20076168,0.6102614,0.54937816,0.8796994,0.109693386,0.26008496,0.9183649,0.99999523,0.023571547,0.07356091,0.9641186,0.42501825,0.079225376,0.46669322,0.009670087,0.9610664,0.36277577,0.51276386,0.47142133,0.11064222,0.4651599,0.19768012,0.49507126,0.86350346,-4.831938,112.495094,92.38562,29.1793,-8.898352,1.9497583,3.5336444,99.76161,-5.437028,0.5082609,36.344463971880494,71.45869947275924,48.55887521968366,36.59050966608085,63.44463971880493,88.36555360281196,22.601054481546576,39.613356766256594,47.59226713532514,25.869947275922673,37.188049209138846,95.1493848857645,65.69420035149385,92.54833040421794,99.68365553602813,93.21616871704748,45.41300527240774,68.47100175746925,67.97891036906854,88.04920913884008,61.12478031634447,93.98945518453428,33.25131810193322,75.88752196836556,85.48330404217927,93.77855887521967,70.19332161687171,86.46748681898067,99.7188049209139,96.69595782073814,83.40949033391917,94.93848857644991,57.434094903339194,83.05799648506152,72.05623901581723,84.25307557117752,98.94551845342708,85.37785588752197,86.4323374340949,84.60456942003516,45.58875219683656,83.65553602811951,56.76625659050967,91.66959578207384,88.2249560632689,68.04920913884007,77.08260105448156,20.984182776801408,89.10369068541301,88.54130052724078,9.244288224956064,40.03514938488577,3,1,1,4,0,0.8308126933847474,0.6812612978,0.5354107740585431,0.5994035238243891,0.6532459045837353,5
CNc1ncnc2ccc(-c3ccccc3OC)cc12,MAPK1_rank09_cid4239535,MAPK1,4239535,9,0.907327834270104,0.0623809530266693,0.0127952646511462,0,CNc1ncnc2ccc(-c3ccccc3OC)cc12,c1ccc(-c2ccc3ncncc3c2)cc1,265.316,3.347100000000002,47.040000000000006,1,4,3,0,True,265.316,3.347100000000002,4,1,4.0,0.788584307283718,0,47.040000000000006,0,0,0,0.91183585,0.8980175,0.94197875,0.9984943,0.83665293,0.06231789,0.05684809,0.16572638,0.7429485,0.45832998,0.9651784,0.09427655,0.21417141,0.87391376,0.9999992,0.015857339,0.05019654,0.98679507,0.5400117,0.057250105,0.32487753,0.0055213287,0.9669987,0.14084296,0.5138577,0.4268505,0.16235107,0.36859244,0.15496373,0.5860282,0.8457831,-4.785312,56.441998,41.42627,25.441315,-12.095857,2.7040215,3.000103,92.87345,-4.266147,3.179549,31.00175746924429,66.46748681898067,48.55887521968366,36.59050966608085,63.44463971880493,87.38137082601055,22.601054481546576,29.068541300527244,47.59226713532514,25.869947275922673,37.188049209138846,97.78558875219684,68.26010544815466,93.53251318101934,99.96485061511424,95.74692442882252,25.76449912126538,56.90685413005273,63.33919156414763,91.77504393673112,51.21265377855888,97.3286467486819,28.365553602811953,71.59929701230229,79.26186291739896,98.0316344463972,60.281195079086125,76.90685413005274,99.8242530755712,98.24253075571178,78.24253075571178,91.8804920913884,47.17047451669596,85.62390158172232,57.08260105448155,84.3585237258348,98.5237258347979,89.98242530755712,82.53075571177506,80.28119507908612,58.418277680140605,82.49560632688929,60.63268892794377,68.15465729349737,62.741652021089635,64.63971880492092,54.235500878734626,66.15114235500879,79.6133567662566,74.30579964850615,26.889279437609844,64.07732864674868,4,2,1,4,0,0.8488601672590792,0.6901465156,0.7495858134654422,0.6793624727165365,0.6529800139086965,6
CC[NH+](CC)CCCNc1oc(-c2ccc(OC)c(OC)c2)nc1C#N,MAPK1_rank10_cid863449,MAPK1,863449,10,0.9063023673688522,0.0623809530266693,0.0127952646511462,0,CC[NH+](CC)CCCNc1oc(-c2ccc(OC)c(OC)c2)nc1C#N,c1ccc(-c2ncco2)cc1,359.4500000000001,1.9571799999999993,84.75,2,6,10,0,True,359.4500000000001,1.9571799999999993,6,2,4.0,0.6309947760865128,0,84.75,0,1,0,0.7743108,0.6063119,0.5579639,0.67709595,0.1980417,0.023647007,0.056809116,0.46631908,0.45134503,0.35063192,0.56070566,0.32732546,0.08388267,0.35599437,0.8880793,0.1809636,0.07291949,0.6186715,0.19811113,0.044779014,0.10974206,0.009673846,0.75524485,0.24860445,0.4833433,0.091839895,0.06046016,0.2327137,0.2035948,0.7254314,0.9196105,-4.7195325,37.44826,26.662033,93.98665,-12.56081,2.5887103,0.3133002,46.336525,-2.214269,27.420685,55.88752196836556,43.93673110720563,72.46045694200352,61.37082601054482,63.44463971880493,64.28822495606327,22.601054481546576,57.85588752196837,47.59226713532514,66.52021089630932,37.188049209138846,94.20035149384888,40.63268892794377,20.175746924428825,86.78383128295256,64.78031634446398,13.954305799648507,56.90685413005273,85.62390158172232,83.62038664323376,41.6871704745167,84.56942003514939,80.52724077328648,46.010544815465735,46.95957820738138,25.83479789103691,92.82952548330404,86.36203866432338,95.43057996485062,86.25659050966608,73.0755711775044,61.51142355008787,57.46924428822496,48.08435852372584,65.48330404217927,82.63620386643234,84.71001757469244,75.95782073813709,75.78207381370827,85.0615114235501,75.85237258347979,88.68189806678384,65.30755711775045,54.90333919156415,51.17750439367312,93.70826010544816,50.68541300527241,59.29701230228471,34.93848857644991,25.27240773286468,67.24077328646749,99.47275922671352,3,1,0,2,1,0.7579179655995947,0.5734429412,0.7458331560005084,0.6708480555400158,0.6500150417631929,7
CCn1c(SCC(N)=O)nc2ccccc2c1=O,MAPK1_rank21_cid849356,MAPK1,849356,21,0.8960814160973241,0.0623809530266693,0.0127952646511462,0,CCn1c(SCC(N)=O)nc2ccccc2c1=O,O=c1[nH]cnc2ccccc12,263.322,0.9938,77.97999999999999,1,4,4,0,True,263.322,0.9938,4,1,4.0,0.6589278100171864,0,77.97999999999999,0,0,0,0.4615221,0.9313105,0.89675343,0.7705089,0.29239362,0.33184153,0.13678078,0.21641406,0.041269396,0.54384816,0.09289364,0.31885293,0.10746709,0.7958164,0.99969053,0.026104221,0.019920707,0.26958066,0.03488461,0.01648793,0.09631359,0.026483605,0.9388757,0.030451436,0.17280388,0.07179373,0.059218787,0.03931232,0.06457625,0.6199213,0.17762187,-4.4645395,56.767235,18.14101,-8.242601,-10.943875,2.0371594,0.52161616,48.01767,-1.6695747,-3.854812,30.474516695957824,31.810193321616875,48.55887521968366,36.59050966608085,63.44463971880493,68.40070298769773,22.601054481546576,52.68892794376099,47.59226713532514,25.869947275922673,37.188049209138846,75.67662565905097,73.98945518453428,77.64499121265379,90.05272407732865,73.81370826010546,90.7908611599297,70.36906854130054,69.9121265377856,46.29173989455185,60.38664323374341,57.08260105448155,79.29701230228471,52.653778558875224,71.8804920913884,66.32688927943761,72.33743409490334,40.31634446397189,85.69420035149386,58.03163444639719,49.244288224956065,54.97363796133568,71.91564147627417,74.76274165202109,41.6871704745167,57.85588752196837,81.54657293497364,75.71177504393674,51.739894551845346,64.63971880492092,63.16344463971881,40.105448154657296,84.21792618629175,68.33040421792619,42.63620386643234,9.490333919156416,63.37434094903339,25.13181019332162,38.91036906854131,26.432337434094904,75.32513181019333,6.151142355008788,2,0,0,1,0,0.9521894110719491,0.4383810832,0.7166632684347993,0.7721126375809594,0.6483821291984169,8
COCCNc1nc(-c2cccc(OC)c2)nc2ccccc12,MAPK1_rank06_cid4239983,MAPK1,4239983,6,0.9108730664788588,0.0651225908661019,0.0166725260667871,0,COCCNc1nc(-c2cccc(OC)c2)nc2ccccc12,c1ccc(-c2ncc3ccccc3n2)cc1,309.369,3.3637000000000024,56.27,1,5,6,0,True,309.369,3.3637000000000024,5,1,4.0,0.7075735912478746,0,56.27,0,1,0,0.91035336,0.93801624,0.9498235,0.99867475,0.69213635,0.09713791,0.06812686,0.30877233,0.54130787,0.65173614,0.94295377,0.12520173,0.32261485,0.93434983,0.9999975,0.028760165,0.06055687,0.98960334,0.44139153,0.048855796,0.3929035,0.0072938227,0.98341495,0.36243063,0.55303043,0.54588085,0.11023726,0.33453044,0.19075787,0.44618592,0.9093586,-4.706423,113.58824,88.60512,36.212803,-9.008501,1.8546219,3.202945,97.51046,-4.799465,5.740841,43.40949033391916,66.67838312829527,61.880492091388405,36.59050966608085,63.44463971880493,76.3444639718805,22.601054481546576,35.254833040421794,47.59226713532514,66.52021089630932,37.188049209138846,97.68014059753956,75.53602811950792,95.8523725834798,99.96485061511424,91.52899824253076,36.30931458699473,60.03514938488577,77.39894551845343,86.46748681898067,74.0597539543058,96.4499121265378,38.48857644991213,81.26537785588754,87.94376098418279,95.6414762741652,74.58699472759227,82.35500878734622,99.92970123022847,97.01230228471005,74.79789103690686,93.70826010544816,52.37258347978911,94.481546572935,72.05623901581723,86.95957820738138,99.12126537785588,85.37785588752197,80.63268892794378,83.72583479789104,39.929701230228474,87.6274165202109,66.32688927943761,91.8804920913884,87.2407732864675,73.32161687170475,76.66080843585237,16.30931458699473,83.02284710017575,83.9718804920914,17.293497363796135,77.64499121265379,3,1,2,4,1,0.8813055801129306,0.7204331373999999,0.48555730901649385,0.5923590058509451,0.6474047708119302,9
Cn1c(=O)[nH]c(=O)c2c1nc(Br)n2Cc1ccccc1Cl,MAPK1_rank19_cid847290,MAPK1,847290,19,0.8966667725871951,0.0623809530266693,0.0127952646511462,0,Cn1c(=O)[nH]c(=O)c2c1nc(Br)n2Cc1ccccc1Cl,O=c1[nH]c(=O)c2c(ncn2Cc2ccccc2)[nH]1,369.6060000000001,1.8874999999999995,72.68,1,3,2,0,True,369.6060000000001,1.8874999999999995,3,1,4.0,0.7011808701762192,0,72.68,0,0,0,0.14747646,0.874483,0.84816563,0.54165787,0.53165644,0.3606252,0.54559934,0.08393976,0.023403974,0.5840195,0.16933261,0.2490783,0.029324036,0.9770252,0.99976575,0.012006767,0.021358933,0.13279936,0.05173527,0.009784472,0.07233207,0.076865986,0.94023836,0.3244693,0.283469,0.046057735,0.02760595,0.18262176,0.08773116,0.4664599,0.17372668,-4.5782084,46.94201,22.361347,26.735168,-13.349981,2.477882,2.562685,94.89369,-4.681622,0.47945982,58.383128295254835,42.81195079086116,32.653778558875224,36.59050966608085,63.44463971880493,75.39543057996485,22.601054481546576,48.20738137082601,47.59226713532514,25.869947275922673,37.188049209138846,37.25834797891037,64.92091388400704,62.882249560632694,82.10896309314587,86.4323374340949,93.00527240773287,91.2829525483304,42.81195079086116,37.57469244288225,65.41300527240774,65.3427065026362,68.47100175746925,18.769771528998245,95.07908611599298,68.50615114235501,52.23198594024605,43.16344463971881,75.50087873462215,64.11247803163445,35.07908611599297,40.84358523725835,85.02636203866433,75.18453427065027,69.84182776801407,69.52548330404218,76.06326889279438,60.66783831282953,72.54833040421794,70.896309314587,42.53075571177505,39.64850615114236,75.81722319859404,61.40597539543059,47.0298769771529,65.86994727592268,45.58875219683656,52.61862917398946,72.23198594024605,78.55887521968366,19.191564147627417,39.82425307557118,1,0,0,3,0,0.9129774012507936,0.38022344312,0.6444787264386176,0.7457026539738336,0.6453840662486444,10
COCCNc1ncnc2ccc(-c3ccccc3OC)cc12,MAPK1_rank11_cid4240159,MAPK1,4240159,11,0.905642789545706,0.0623809530266693,0.0127952646511462,0,COCCNc1ncnc2ccc(-c3ccccc3OC)cc12,c1ccc(-c2ccc3ncncc3c2)cc1,309.3690000000001,3.3637000000000024,56.27,1,5,6,0,True,309.3690000000001,3.3637000000000024,5,1,4.0,0.7075735912478746,0,56.27,0,1,0,0.8594429,0.9067513,0.946509,0.9971012,0.8066155,0.08860938,0.07961128,0.233984,0.5465845,0.58337307,0.96612614,0.10034442,0.25748247,0.9092283,0.99999875,0.010458802,0.03924656,0.97899276,0.4513896,0.034411408,0.25838202,0.0036316693,0.9739019,0.19345048,0.40622988,0.3474769,0.102160476,0.21739654,0.09566855,0.41525054,0.87908393,-4.771691,73.314285,59.156017,39.651894,-11.554407,2.5563455,3.0295334,92.73085,-4.329634,6.774811,43.40949033391916,66.67838312829527,61.880492091388405,36.59050966608085,63.44463971880493,76.3444639718805,22.601054481546576,35.254833040421794,47.59226713532514,66.52021089630932,37.188049209138846,96.4499121265378,69.87697715289983,94.72759226713534,99.92970123022847,94.62214411247804,33.63796133567663,62.35500878734623,71.56414762741653,86.71353251318102,65.30755711775045,97.39894551845344,30.333919156414765,75.67662565905097,83.9718804920914,97.15289982425308,48.506151142355016,68.57644991212655,99.78910369068542,97.18804920913884,66.71353251318102,88.26010544815466,40.0,89.87697715289983,61.792618629173994,78.13708260105449,97.46924428822496,84.14762741652022,74.90333919156416,72.54833040421794,36.239015817223205,85.0615114235501,61.546572934973646,76.3444639718805,74.37609841827769,75.60632688927944,58.383128295254835,56.90685413005273,80.0,74.0597539543058,25.58875219683656,81.26537785588754,3,1,0,4,1,0.8556827617220566,0.683148087,0.6379338967719996,0.6447629468090226,0.6450166804333007,11
Cc1cccc(CNc2ccnc(-c3cccc(C#N)c3)n2)c1,MAPK1_rank05_cid4240389,MAPK1,4240389,5,0.9113191167746036,0.0651282057739221,0.0166804667455778,0,Cc1cccc(CNc2ccnc(-c3cccc(C#N)c3)n2)c1,c1ccc(CNc2ccnc(-c3ccccc3)n2)cc1,300.365,3.935800000000002,61.6,1,4,4,0,True,300.365,3.935800000000002,4,1,4.0,0.7925533652892828,0,61.6,0,0,0,0.8057688,0.8759235,0.93038654,0.9956163,0.8960956,0.098527715,0.2156297,0.20729165,0.70472634,0.60764825,0.96678674,0.073486984,0.24209587,0.9131707,0.9999989,0.016350986,0.068809345,0.97181684,0.5737814,0.071233325,0.40103912,0.0065374696,0.9682023,0.50526935,0.5306213,0.43865365,0.13154478,0.48322955,0.16012064,0.42795324,0.9123495,-4.9610343,123.633606,108.768936,34.340553,-8.620145,1.7666414,3.7227955,101.61019,-5.6888704,1.2130436,40.45694200351494,76.2390158172232,48.55887521968366,36.59050966608085,63.44463971880493,87.94376098418279,22.601054481546576,39.613356766256594,47.59226713532514,25.869947275922673,37.188049209138846,94.90333919156416,65.3427065026362,90.01757469244289,99.7188049209139,96.97715289982426,36.8365553602812,76.62565905096662,68.75219683655537,90.57996485061511,68.54130052724078,97.39894551845344,23.02284710017575,74.41124780316345,84.53427065026362,97.5395430579965,61.019332161687174,85.3427065026362,99.7188049209139,98.45342706502636,81.82776801405976,93.77855887521967,50.298769771529,86.25659050966608,77.96133567662567,85.37785588752197,98.69947275922672,87.6274165202109,87.2407732864675,80.84358523725835,37.609841827768015,87.7328646748682,48.08435852372584,93.74340949033392,91.70474516695958,71.70474516695958,79.29701230228471,12.688927943760984,91.24780316344464,91.493848857645,6.39718804920914,48.26010544815466,3,2,1,4,0,0.7879184384202008,0.6763425208,0.4842716285840448,0.565576815172496,0.6441249527589559,12
COc1ccc(-c2nnc3n2N=C(c2ccccc2)CS3)cc1OC,MAPK1_rank12_cid861370,MAPK1,861370,12,0.9039560686863746,0.0623809530266693,0.0127952646511462,0,COc1ccc(-c2nnc3n2N=C(c2ccccc2)CS3)cc1OC,c1ccc(C2=Nn3c(nnc3-c3ccccc3)SC2)cc1,352.41900000000015,3.320400000000002,61.53,0,6,4,0,True,352.41900000000015,3.320400000000002,6,0,4.0,0.7207443696176398,0,61.53,0,0,0,0.4864973,0.9467937,0.91299736,0.87342674,0.9356047,0.21639295,0.7754059,0.15319157,0.049532503,0.79069287,0.68040806,0.08048592,0.04661362,0.96427214,0.9999987,0.003396985,0.015835816,0.51768696,0.17821686,0.014817926,0.16798212,0.015867142,0.98735774,0.6631478,0.34543115,0.10579351,0.025801662,0.38080287,0.032899234,0.34237272,0.59989375,-4.888984,79.099625,72.68269,1.0604999,-10.401208,2.1721501,2.2996926,100.554855,-5.141559,-3.9942365,53.84885764499122,66.18629173989456,72.46045694200352,11.63444639718805,63.44463971880493,77.9261862917399,22.601054481546576,39.613356766256594,47.59226713532514,25.869947275922673,37.188049209138846,77.78558875219684,77.4340949033392,83.55008787346222,93.84885764499124,97.99648506151144,73.56766256590511,96.13356766256592,61.08963093145871,48.89279437609842,91.77504393673112,87.59226713532514,24.534270650263625,30.720562390158175,92.79437609841828,97.0474516695958,19.68365553602812,32.337434094903344,93.77855887521967,84.39367311072057,46.71353251318102,78.94551845342707,64.81546572934974,96.27416520210896,83.62038664323376,73.95430579964851,86.5377855887522,59.824253075571185,82.8822495606327,52.337434094903344,26.115992970123024,67.31107205623903,53.25131810193322,79.43760984182778,81.51142355008788,24.18277680140598,67.34622144112478,32.89982425307557,67.45166959578208,90.1230228471002,12.33743409490334,5.799648506151143,2,1,0,4,0,0.8188005269097094,0.5183108430000001,0.5655786462896027,0.6458950262152447,0.6424103290149454,13
N#Cc1cccc(-c2nc(NCc3ccccc3)c3ccccc3n2)c1,MAPK1_rank02_cid4239728,MAPK1,4239728,2,0.9140839106648432,0.0651282057739221,0.0166804667455778,1,N#Cc1cccc(-c2nc(NCc3ccccc3)c3ccccc3n2)c1,c1ccc(CNc2nc(-c3ccccc3)nc3ccccc23)cc1,336.398,4.780580000000003,61.6,1,4,4,0,True,336.398,4.780580000000003,4,1,4.0,0.5823776081104893,0,61.6,0,0,0,0.85447866,0.85241145,0.90743285,0.9902665,0.6989884,0.10364056,0.16090445,0.13819642,0.589159,0.54586613,0.87580717,0.13171935,0.28062811,0.9560585,0.9999918,0.06515938,0.10915252,0.97698104,0.5174637,0.124089286,0.55710226,0.036435723,0.94417715,0.75942725,0.7682342,0.5754981,0.20130877,0.6894392,0.40390357,0.5467889,0.8965516,-4.985723,120.277466,113.60503,49.48001,-8.5024395,1.9278466,3.9199436,103.72146,-6.3513994,-1.1154399,50.61511423550088,86.78383128295256,48.55887521968366,36.59050966608085,63.44463971880493,57.961335676625666,22.601054481546576,39.613356766256594,47.59226713532514,25.869947275922673,37.188049209138846,96.30931458699472,62.425307557117755,82.03866432337435,99.12126537785588,91.73989455184535,38.55887521968366,72.51318101933217,58.24253075571178,87.5219683655536,60.66783831282953,93.91915641476275,40.702987697715294,77.71528998242532,91.07205623901582,91.31810193321616,86.5377855887522,91.91564147627416,99.78910369068542,97.96133567662568,88.78734622144113,96.52021089630932,75.88752196836556,76.4499121265378,87.66256590509667,95.78207381370828,99.29701230228471,92.02108963093148,93.53251318101934,94.0597539543058,53.53251318101934,86.46748681898067,46.60808435852373,93.11072056239016,92.61862917398946,81.40597539543059,80.07029876977154,20.246045694200355,94.02460456942003,94.72759226713534,2.4956063268892796,24.74516695957821,4,3,3,4,0,0.7720947715258569,0.7162068954,0.4181379365954282,0.5261344625687426,0.6422807259689688,14
COc1ccccc1-c1ccc2ncnc(N3CC[NH2+]CC3)c2c1,MAPK1_rank18_cid4240338,MAPK1,4240338,18,0.897392084146968,0.0623809530266693,0.0127952646511462,0,COc1ccccc1-c1ccc2ncnc(N3CC[NH2+]CC3)c2c1,c1ccc(-c2ccc3ncnc(N4CC[NH2+]CC4)c3c2)cc1,321.4040000000001,1.6887999999999992,54.86000000000001,1,4,3,0,True,321.4040000000001,1.6887999999999992,4,1,4.0,0.7975008983254199,0,54.86000000000001,0,0,0,0.4407928,0.6512178,0.61368096,0.7662767,0.3366251,0.013980788,0.041491028,0.41040292,0.66740125,0.19936459,0.7696489,0.19848546,0.032240294,0.2850502,0.94360286,0.034315966,0.074908,0.69240814,0.16238122,0.019381974,0.09727533,0.00088792434,0.68480027,0.17638825,0.28514498,0.036125027,0.014232958,0.088192604,0.038351275,0.5250257,0.9366624,-4.8739285,23.191725,21.176725,18.024519,-12.905798,3.233881,2.0196826,81.25547,-3.8633811,3.2436967,47.27592267135326,40.105448154657296,48.55887521968366,36.59050966608085,63.44463971880493,88.7170474516696,22.601054481546576,34.516695957820744,47.59226713532514,25.869947275922673,37.188049209138846,73.56766256590511,44.32337434094904,23.72583479789104,89.84182776801407,76.62565905096662,10.61511423550088,52.86467486818981,83.16344463971882,89.45518453427066,26.643233743409493,90.19332161687171,58.523725834797894,20.84358523725835,41.86291739894552,30.263620386643236,77.29349736379613,86.88927943760984,96.87170474516697,83.12829525483305,53.74340949033392,55.36028119507909,17.680140597539545,42.95254833040422,60.105448154657296,69.59578207381371,72.54833040421794,47.94376098418278,62.70650263620387,55.43057996485062,50.474516695957824,90.75571177504396,54.34094903339192,41.72231985940246,45.799648506151144,54.90333919156415,48.36555360281196,88.89279437609842,62.81195079086117,57.08260105448155,34.97363796133568,64.39367311072057,2,1,0,3,0,0.7079074361121983,0.44767214328000005,0.82292122879552,0.7092673687033113,0.6411125592249349,15
COc1ccc(C[NH+]2CCN(c3cccc(C)c3C)CC2)cc1OC,MAPK1_rank13_cid7972034,MAPK1,7972034,13,0.9025568476895643,0.0623809530266693,0.0127952646511462,0,COc1ccc(C[NH+]2CCN(c3cccc(C)c3C)CC2)cc1OC,c1ccc(C[NH+]2CCN(c3ccccc3)CC2)cc1,341.47500000000014,2.22574,26.140000000000004,1,3,5,0,True,341.47500000000014,2.22574,3,1,4.0,0.9031945954109436,0,26.140000000000004,0,0,0,0.08699314,0.22229728,0.08170219,0.07841243,0.11919562,0.00031000312,0.0041050473,0.52869546,0.5658227,0.026653424,0.45117584,0.09546776,2.9831843e-05,0.002786188,0.36172596,0.0044540633,0.029181588,0.12194147,0.07356832,0.009835557,0.040111147,1.2803865e-05,0.44253898,0.14171854,0.24725695,0.0019443936,0.0013489346,0.05890014,0.0010044555,0.8431951,0.95019186,-4.7473936,84.6296,77.798294,3.405442,-9.80699,2.7746453,2.2659783,77.55143,-3.471471,0.7467908,52.02108963093146,47.978910369068544,32.653778558875224,36.59050966608085,63.44463971880493,99.2267135325132,22.601054481546576,12.759226713532517,47.59226713532514,25.869947275922673,37.188049209138846,24.323374340949037,14.762741652021091,4.428822495606327,52.26713532513182,54.93848857644992,4.077328646748683,20.52724077328647,88.40070298769773,86.95957820738138,5.237258347978911,80.56239015817224,28.78734622144113,1.019332161687171,2.1089630931458703,13.216168717047452,25.553602811950793,55.21968365553603,73.84885764499121,70.19332161687171,35.114235500878735,13.04042179261863,2.882249560632689,31.599297012302287,57.08260105448155,66.57293497363797,23.58523725834798,11.212653778558876,56.94200351493849,5.377855887521969,89.03339191564149,92.5834797891037,62.882249560632694,81.72231985940246,83.44463971880492,28.154657293497365,72.091388400703,70.36906854130054,66.81898066783832,53.63796133567663,42.741652021089635,43.05799648506152,2,0,0,1,0,0.417527547770272,0.32271925094116,0.8703166194425429,0.6409420231777088,0.6393644094583962,16
COc1cccc(-c2nc(NCc3ccccc3OC)c3ccccc3n2)c1,MAPK1_rank01_cid4238183,MAPK1,4238183,1,0.9165894074600688,0.0651282057739221,0.0166804667455778,0,COc1cccc(-c2nc(NCc3ccccc3OC)c3ccccc3n2)c1,c1ccc(CNc2nc(-c3ccccc3)nc3ccccc23)cc1,371.4400000000001,4.9261000000000035,56.27,1,5,6,0,True,371.4400000000001,4.9261000000000035,5,1,4.0,0.5209495926679533,0,56.27,0,0,0,0.9104676,0.9176251,0.91503173,0.9985911,0.96202576,0.056761485,0.19595447,0.16781299,0.9353949,0.5705249,0.9871979,0.063491255,0.251572,0.9159708,0.9999998,0.012799725,0.056128196,0.9905859,0.72148263,0.07475746,0.4645072,0.007995093,0.9598424,0.81274664,0.7144291,0.45841613,0.24564354,0.59226805,0.22050753,0.5103215,0.96539366,-5.067918,136.34875,135.25824,47.205524,-8.019028,1.8343836,3.9561055,104.52583,-6.2584586,-0.63493645,59.01581722319859,87.90861159929702,61.880492091388405,36.59050966608085,63.44463971880493,49.2091388400703,22.601054481546576,35.254833040421794,47.59226713532514,25.869947275922673,37.188049209138846,97.68014059753956,71.56414762741653,84.21792618629175,99.96485061511424,98.5237258347979,24.463971880492092,75.28998242530757,63.514938488576455,98.17223198594026,63.69068541300528,98.6291739894552,20.210896309314588,75.21968365553603,84.9560632688928,99.402460456942,53.98945518453428,80.42179261862918,99.92970123022847,99.29701230228471,82.39015817223199,94.90333919156416,53.95430579964851,82.56590509666081,90.01757469244289,94.1652021089631,98.80492091388402,93.74340949033392,91.0017574692443,86.0456942003515,48.295254833040424,95.2548330404218,41.44112478031635,96.13356766256592,95.60632688927944,80.1054481546573,83.69068541300528,15.465729349736382,94.44639718804922,95.67662565905096,2.81195079086116,29.244288224956065,4,2,2,4,0,0.7481233088948529,0.7200923847,0.37825764967598563,0.5016164047695361,0.6386030172990877,17
COc1ccccc1-c1ccc2ncnc(NCc3ccccc3)c2c1,MAPK1_rank07_cid4237693,MAPK1,4237693,7,0.9105525300537072,0.0651282057739221,0.0166804667455778,1,COc1ccccc1-c1ccc2ncnc(NCc3ccccc3)c2c1,c1ccc(CNc2ncnc3ccc(-c4ccccc4)cc23)cc1,341.41400000000004,4.917500000000003,47.040000000000006,1,4,5,0,True,341.41400000000004,4.917500000000003,4,1,4.0,0.5597117983076444,0,47.040000000000006,0,0,0,0.8962161,0.907335,0.9164324,0.9981044,0.9705335,0.07317668,0.24149375,0.14936511,0.9321464,0.4945402,0.9801305,0.073303446,0.23093116,0.88747966,0.9999998,0.009301716,0.045505743,0.97897035,0.69785637,0.08097973,0.44675595,0.00829159,0.9463973,0.62673175,0.6140029,0.3925656,0.23004217,0.53992856,0.15872647,0.5453249,0.9477929,-5.11552,99.20741,102.3628,51.61956,-10.145503,2.384632,3.98214,102.967995,-5.7707696,1.2831845,51.91564147627417,87.83831282952549,48.55887521968366,36.59050966608085,63.44463971880493,54.72759226713533,22.601054481546576,29.068541300527244,47.59226713532514,25.869947275922673,37.188049209138846,97.29349736379616,69.98242530755712,84.78031634446398,99.92970123022847,98.84007029876976,28.78734622144113,78.03163444639719,60.246045694200355,97.89103690685414,55.28998242530757,98.31282952548332,22.95254833040422,73.1810193321617,80.91388400702988,99.402460456942,45.20210896309315,73.84885764499121,99.78910369068542,99.2267135325132,83.69068541300528,94.79789103690686,54.62214411247804,77.18804920913885,82.53075571177506,90.33391915641477,98.10193321616872,93.35676625659052,89.45518453427066,80.73813708260106,53.42706502636205,92.33743409490334,39.75395430579965,88.01405975395431,90.61511423550088,82.2847100175747,69.27943760984184,45.90509666080844,94.76274165202108,93.49736379613356,5.834797891036907,49.2091388400703,4,2,2,4,0,0.7339191,0.7082516722000002,0.485835203423172,0.5365470431481102,0.6385087666584873,18
Clc1ccccc1-c1ccc2ncnc(N3CC[NH2+]CC3)c2c1,MAPK1_rank20_cid4239594,MAPK1,4239594,20,0.896104383849959,0.0623809530266693,0.0127952646511462,0,Clc1ccccc1-c1ccc2ncnc(N3CC[NH2+]CC3)c2c1,c1ccc(-c2ccc3ncnc(N4CC[NH2+]CC4)c3c2)cc1,325.82300000000015,2.333600000000001,45.63,1,3,2,0,True,325.82300000000015,2.333600000000001,3,1,4.0,0.7863339183915866,0,45.63,0,0,0,0.41221094,0.7025892,0.5782342,0.8261113,0.4154361,0.019965218,0.08314761,0.39854804,0.7347981,0.20871314,0.7020184,0.25209835,0.042086206,0.32423005,0.91374743,0.04996559,0.0795334,0.65968496,0.19294167,0.022878008,0.11101619,0.0022561676,0.6787947,0.24563369,0.33360156,0.04126633,0.018734988,0.11960033,0.058194004,0.5478234,0.9302948,-4.740472,24.92603,16.075298,44.674942,-12.101187,3.1699448,2.659583,91.5794,-4.304473,7.751746,48.295254833040424,49.244288224956065,32.653778558875224,36.59050966608085,63.44463971880493,87.10017574692444,22.601054481546576,26.99472759226714,47.59226713532514,25.869947275922673,37.188049209138846,71.31810193321617,48.40070298769772,20.808435852372583,91.9859402460457,81.792618629174,12.583479789103691,63.12829525483305,82.56590509666081,91.493848857645,27.521968365553604,88.36555360281196,69.06854130052724,27.592267135325137,44.78031634446398,27.346221441124783,83.62038664323376,87.87346221441126,96.37961335676628,85.83479789103691,57.85588752196837,61.89806678383129,30.65026362038665,42.601054481546576,65.30755711775045,73.00527240773287,74.44639718804922,53.42706502636205,66.74868189806679,62.882249560632694,53.63796133567663,89.66608084358525,63.72583479789104,43.514938488576455,40.38664323374341,78.80492091388402,54.235500878734626,87.45166959578208,73.63796133567664,72.23198594024605,26.22144112478032,84.60456942003516,2,1,0,3,0,0.7392286022193171,0.45820899451999997,0.7833088733839418,0.7052972979421065,0.6383976307332238,19
COc1ccccc1CNc1ncnc2ccc(-c3ccccc3C[NH+](C)C)cc12,MAPK1_rank14_cid4240028,MAPK1,4240028,14,0.90219871183184,0.0623809530266693,0.0127952646511462,0,COc1ccccc1CNc1ncnc2ccc(-c3ccccc3C[NH+](C)C)cc12,c1ccc(CNc2ncnc3ccc(-c4ccccc4)cc23)cc1,399.51800000000014,3.562000000000001,51.48,2,4,7,0,True,399.51800000000014,3.562000000000001,4,2,4.0,0.498951433440129,0,51.48,0,0,0,0.562184,0.4374722,0.6246895,0.8220541,0.15328087,0.0075539676,0.0029529468,0.4018553,0.9680783,0.09746521,0.8667264,0.194837,0.035316058,0.21868658,0.9962301,0.024985997,0.052891564,0.8802692,0.36080176,0.028485347,0.06631318,0.00044295943,0.566157,0.29139513,0.49867162,0.01838426,0.038050637,0.27690798,0.06628369,0.69989073,0.97215855,-5.3451242,29.973993,39.171223,38.07441,-15.594633,2.8521695,2.132901,86.10564,-3.5624359,9.992135,65.37785588752197,70.40421792618629,48.55887521968366,61.37082601054482,63.44463971880493,46.29173989455185,22.601054481546576,31.77504393673111,47.59226713532514,25.869947275922673,37.188049209138846,83.83128295254834,28.224956063268895,24.710017574692444,91.95079086115994,59.929701230228474,8.787346221441126,17.293497363796135,82.81195079086116,99.15641476274166,14.973637961335678,93.4622144112478,57.85588752196837,23.2688927943761,36.44991212653779,46.50263620386644,71.59929701230229,78.45342706502637,99.08611599297014,94.79789103690686,62.35500878734623,36.02811950790861,11.599297012302284,36.69595782073814,68.43585237258348,83.47978910369069,62.91739894551846,66.81898066783832,77.89103690685414,64.9560632688928,73.00527240773287,96.06326889279438,28.822495606326893,48.43585237258348,61.335676625659055,74.76274165202109,31.493848857644995,74.90333919156416,64.63971880492092,62.95254833040423,41.05448154657294,89.94727592267137,3,1,0,3,0,0.618150645,0.48375084016000003,0.7140697355920343,0.6262469554172121,0.6365706957225483,20
COCCNS(=O)(=O)c1cc(-c2nn(C)c(=O)c3ccccc23)ccc1C,MAPK1_rank23_cid842718,MAPK1,842718,23,0.890917071762714,0.0537348223394342,0.0005677893712081,0,COCCNS(=O)(=O)c1cc(-c2nn(C)c(=O)c3ccccc23)ccc1C,O=c1[nH]nc(-c2ccccc2)c2ccccc12,387.4610000000001,1.8336199999999991,90.29,1,5,6,0,True,387.4610000000001,1.8336199999999991,5,1,4.0,0.6519432840764318,0,90.29,0,1,0,0.31216654,0.8089455,0.89412224,0.39180988,0.594016,0.38936457,0.6662516,0.17637853,0.030636925,0.7104352,0.7435218,0.22991085,0.11582999,0.9699168,0.9999448,0.009675617,0.026678255,0.27086878,0.096009694,0.008272351,0.07095282,0.011756631,0.928691,0.52875185,0.20488235,0.029739559,0.017100248,0.08297306,0.02848187,0.21741381,0.52023923,-4.820481,67.79546,50.05776,4.0344825,-14.614369,2.0465496,1.9926379,87.22224,-4.2199636,-3.0047655,62.49560632688929,41.89806678383129,61.880492091388405,36.59050966608085,63.44463971880493,67.17047451669596,22.601054481546576,61.37082601054482,47.59226713532514,66.52021089630932,37.188049209138846,61.51142355008787,57.99648506151143,76.66080843585237,76.73110720562391,88.36555360281196,94.8681898066784,94.09490333919156,64.74516695957821,41.26537785588753,82.31985940246047,89.59578207381372,65.23725834797892,54.833040421792624,93.74340949033392,78.94551845342707,46.432337434094904,51.45869947275923,85.79964850615114,74.6572934973638,30.298769771529003,39.82425307557118,60.456942003514946,71.9859402460457,78.87521968365554,62.108963093145874,69.87697715289983,51.77504393673111,61.82776801405976,49.38488576449912,13.11072056239016,63.971880492091394,57.68014059753955,73.84885764499121,68.64674868189807,29.279437609841832,37.434094903339194,25.69420035149385,62.35500878734623,64.81546572934974,27.697715289982423,9.736379613356767,2,0,0,3,1,0.8250742814400539,0.47454136620000004,0.5409164494411453,0.6507151283304224,0.6164999408686269,21
COc1cccc(-c2cncnc2NCc2cccc(C)c2)c1,MAPK1_rank22_cid4238690,MAPK1,4238690,22,0.89372655485108,0.0623809530266693,0.0127952646511462,0,COc1cccc(-c2cncnc2NCc2cccc(C)c2)c1,c1ccc(CNc2ncncc2-c2ccccc2)cc1,305.38100000000003,4.072720000000003,47.040000000000006,1,4,5,0,True,305.38100000000003,4.072720000000003,4,1,4.0,0.7715380713898681,0,47.040000000000006,0,0,0,0.7262093,0.87370557,0.91640234,0.9990274,0.99173087,0.044935923,0.32440087,0.12720978,0.97219276,0.43440717,0.9991609,0.035975117,0.14117123,0.8173029,1.0,0.0019802195,0.026458561,0.97106874,0.7872831,0.02810274,0.1547456,0.00077891565,0.9623264,0.31182748,0.3662671,0.12258297,0.17612551,0.22344708,0.02839444,0.40646476,0.95575684,-5.0664773,127.0616,115.87764,18.570196,-9.230726,1.8864338,3.7992158,101.694435,-5.1872835,1.259568,42.21441124780317,77.99648506151144,48.55887521968366,36.59050966608085,63.44463971880493,85.09666080843586,22.601054481546576,29.068541300527244,47.59226713532514,25.869947275922673,37.188049209138846,92.26713532513182,64.81546572934974,84.78031634446398,100.0,99.57820738137085,20.878734622144115,82.21441124780317,55.32513181019333,99.29701230228471,49.06854130052725,99.8242530755712,13.673110720562391,60.38664323374341,74.0597539543058,99.84182776801408,11.3884007029877,51.107205623901585,99.7188049209139,99.6133567662566,62.07381370826011,75.99297012302286,16.203866432337435,83.55008787346222,69.3145869947276,75.81722319859404,88.64674868189807,90.96660808435853,75.2548330404218,49.34973637961336,34.692442882249566,93.4622144112478,41.54657293497364,94.34094903339192,92.93497363796136,55.782073813708266,75.57117750439367,18.34797891036907,92.54833040421794,91.56414762741652,11.739894551845344,48.7170474516696,3,2,0,4,0,0.7493712030731482,0.6273697821,0.5354530201705597,0.5803145927639551,0.6157365710561019,22
CC[NH+](CC)CCSc1nc(O)c(-c2ccccc2)c(O)n1,MAPK1_rank17_cid845302,MAPK1,845302,17,0.8980044337526021,0.0623809530266693,0.0127952646511462,0,CC[NH+](CC)CCSc1nc(O)c(-c2ccccc2)c(O)n1,c1ccc(-c2cncnc2)cc1,320.43800000000005,1.5716000000000003,70.68,3,5,7,0,True,320.43800000000005,1.5716000000000003,5,3,4.0,0.5335425167646967,0,70.68,0,0,0,0.21066765,0.45103836,0.49630252,0.32744658,0.09935506,0.01973502,0.03435308,0.2028043,0.24592206,0.09152935,0.03392186,0.3174587,0.025454452,0.11085598,0.4106763,0.03247782,0.04907684,0.1337994,0.022607023,0.0308181,0.10542395,0.001868782,0.2384367,0.012737533,0.10027441,0.01029074,0.007494586,0.03799449,0.021816393,0.6617088,0.40515986,-5.3859544,26.16267,2.4837613,30.170826,-14.873263,2.0465486,-1.4055465,29.32783,-0.99251366,13.589978,47.17047451669596,38.840070298769774,61.880492091388405,78.20738137082601,63.44463971880493,50.966608084358526,22.601054481546576,47.1353251318102,47.59226713532514,25.869947275922673,37.188049209138846,48.471001757469246,29.34973637961336,16.801405975395433,74.13005272407733,51.739894551845346,12.583479789103691,49.876977152899826,68.15465729349737,74.13005272407733,14.376098418277682,45.41300527240774,79.19156414762742,16.2390158172232,20.738137082601057,14.200351493848858,76.41476274165203,75.99297012302286,75.64147627416521,52.056239015817226,64.28822495606327,59.472759226713535,26.748681898066785,23.866432337434095,35.114235500878735,44.3585237258348,51.66959578207382,35.18453427065027,51.28295254833041,43.831282952548335,68.50615114235501,57.99648506151143,27.24077328646749,44.74516695957821,26.5377855887522,68.68189806678383,35.746924428822496,25.69420035149385,13.005272407732866,14.481546572934976,83.55008787346222,94.69244288224957,1,0,0,0,0,0.256335345,0.26305877164,0.6680470861552217,0.5205859252443276,0.6138182050980541,23
CC(=O)N(C)c1nc(-c2ccc(Cl)cc2)cs1,MAPK1_rank25_cid847621,MAPK1,847621,25,0.8620572400778757,0.0516666673123836,0.0023570235171368,0,CC(=O)N(C)c1nc(-c2ccc(Cl)cc2)cs1,c1ccc(-c2cscn2)cc1,266.75300000000004,3.446200000000002,33.2,0,3,2,0,True,266.75300000000004,3.446200000000002,3,0,4.0,0.8341689102970963,0,33.2,0,0,0,0.40208143,0.95324594,0.8560139,0.9923541,0.88432753,0.24927425,0.5827995,0.17697902,0.13612442,0.5921017,0.15825151,0.1757313,0.046566248,0.8997592,0.99998665,0.013642171,0.023654738,0.6833331,0.12676045,0.05096702,0.31000134,0.06842373,0.97866946,0.24038844,0.41972047,0.17156614,0.10816626,0.48860937,0.14353974,0.70995533,0.33063966,-4.3901334,106.012344,73.240395,46.212234,-6.3962073,2.1647344,3.1814973,93.643326,-4.393571,5.6499496,31.52899824253076,68.29525483304043,32.653778558875224,11.63444639718805,63.44463971880493,93.32161687170476,22.601054481546576,17.117750439367313,47.59226713532514,25.869947275922673,37.188049209138846,70.47451669595783,79.12126537785589,64.99121265377856,99.29701230228471,96.80140597539544,79.75395430579965,92.40773286467488,64.92091388400704,65.76449912126539,66.6432337434095,64.3585237258348,53.00527240773287,30.68541300527241,82.84710017574693,88.57644991212655,55.99297012302285,47.240773286467494,96.55536028119508,79.22671353251319,75.78207381370827,91.03690685413008,83.9718804920914,92.091388400703,64.81546572934974,78.69947275922672,92.44288224956064,85.27240773286468,87.34622144112478,79.22671353251319,74.0597539543058,52.75922671353252,88.08435852372584,89.94727592267137,81.75746924428823,79.5079086115993,90.05272407732865,32.61862917398946,82.70650263620388,76.02811950790861,24.49912126537786,77.29349736379613,2,1,0,3,0,0.9902181865269801,0.47129746056,0.6693323834752551,0.7625292436871314,0.5845345551998365,24
COc1ccccc1N1CC[NH+](Cc2cccc(OC)c2OC)CC1,MAPK1_rank24_cid7977623,MAPK1,7977623,24,0.8658113715284822,0.0516666673123836,0.0023570235171368,0,COc1ccccc1N1CC[NH+](Cc2cccc(OC)c2OC)CC1,c1ccc(C[NH+]2CCN(c3ccccc3)CC2)cc1,343.4470000000002,1.6174999999999993,35.370000000000005,1,4,6,0,True,343.4470000000002,1.6174999999999993,4,1,4.0,0.8645425320336457,0,35.370000000000005,0,0,0,0.08287608,0.2695643,0.086141184,0.06376334,0.119017705,0.00042688186,0.004646973,0.48156518,0.6318397,0.022753613,0.35709423,0.11384642,4.4804605e-05,0.0034622394,0.40766793,0.005372649,0.029857498,0.0901189,0.05424708,0.009482246,0.038113173,1.7873626e-05,0.3739727,0.087396495,0.18897288,0.0019024007,0.0017412386,0.03906518,0.0010470864,0.8393222,0.93982947,-4.617532,66.37981,54.384327,-4.2015815,-10.302365,2.980821,1.3132532,56.549706,-2.6808772,-2.321772,52.26713532513182,39.472759226713535,48.55887521968366,36.59050966608085,63.44463971880493,96.8365553602812,22.601054481546576,17.820738137082603,47.59226713532514,25.869947275922673,37.188049209138846,23.44463971880492,16.801405975395433,4.674868189806679,49.560632688927946,54.93848857644992,4.2179261862917405,21.757469244288227,86.1511423550088,88.2249560632689,4.569420035149386,77.01230228471002,34.692442882249566,1.195079086115993,2.4253075571177507,14.165202108963094,29.595782073813712,56.239015817223205,70.22847100175747,65.27240773286468,34.16520210896309,11.56414762741652,3.163444639718805,29.103690685413007,51.3884007029877,60.105448154657296,23.44463971880492,13.251318101933215,51.70474516695958,5.448154657293498,88.57644991212655,91.42355008787348,72.47803163444641,73.21616871704745,71.70474516695958,15.465729349736382,68.15465729349737,81.195079086116,50.12302284710018,33.25131810193322,58.101933216168725,14.727592267135329,2,0,0,1,0,0.46293521013014705,0.3211483970086,0.9439580795510464,0.6852723126427751,0.5791249170542692,25
CCc1nc(N)c(C#N)c(-c2ccc(OC)c(OC)c2)c1C,MAPK1_rank27_cid850001,MAPK1,850001,27,0.7301458776732968,0.0427956995704481,0.0149024664091562,0,CCc1nc(N)c(C#N)c(-c2ccc(OC)c(OC)c2)c1C,c1ccc(-c2ccncc2)cc1,297.358,3.090500000000002,81.16,1,5,4,0,True,297.358,3.090500000000002,5,1,4.0,0.93744818567749,0,81.16,0,0,0,0.26986146,0.73663825,0.90944207,0.742296,0.729548,0.1819123,0.50814146,0.23412928,0.044296302,0.73660535,0.7377778,0.04756142,0.09785567,0.8892726,0.9999706,0.011930448,0.054498184,0.6474397,0.2183743,0.033131473,0.12149276,0.015518464,0.97235715,0.53988266,0.30852523,0.14026181,0.043394502,0.3728044,0.08054063,0.24457033,0.59803194,-4.482801,88.30175,77.81906,15.045199,-9.36384,2.3261704,2.9097984,96.751976,-5.2864885,-1.354373,39.64850615114236,62.53075571177505,61.880492091388405,36.59050966608085,63.44463971880493,99.96485061511424,22.601054481546576,55.2548330404218,47.59226713532514,25.869947275922673,37.188049209138846,57.11775043936731,51.70474516695958,82.53075571177506,88.89279437609842,92.51318101933217,65.76449912126539,90.15817223198594,71.56414762741653,47.27592267135326,85.27240773286468,89.3145869947276,15.817223198594029,50.26362038664324,81.30052724077329,84.11247803163445,51.9859402460457,79.57820738137083,95.99297012302286,87.69771528998243,65.83479789103691,66.74868189806679,64.42882249560633,88.89279437609842,79.26186291739896,71.14235500878735,90.08787346221442,69.45518453427066,82.60105448154658,69.17398945518454,15.1493848857645,67.31107205623903,82.63620386643234,83.47978910369069,83.47978910369069,49.13884007029878,74.6572934973638,42.56590509666081,78.24253075571178,82.53075571177506,10.755711775043938,23.057996485061512,2,1,0,4,0,0.9559891507017186,0.44531782740000003,0.6659406638439987,0.7541454357760871,0.36085778640358107,26
COc1ccc(S(=O)(=O)c2ccc(OC)c(OC)c2)cc1OC,MAPK1_rank28_cid848054,MAPK1,848054,28,0.7285879694804147,0.0427956995704481,0.0149024664091562,1,COc1ccc(S(=O)(=O)c2ccc(OC)c(OC)c2)cc1OC,O=S(=O)(c1ccccc1)c1ccccc1,338.3810000000001,2.5538000000000007,71.06000000000002,0,6,6,0,True,338.3810000000001,2.5538000000000007,6,0,4.0,0.8060118186519369,0,71.06000000000002,0,0,0,0.019934224,0.7085637,0.94166327,0.08432867,0.4817322,0.2927988,0.40195593,0.17526847,0.00787822,0.7311375,0.83715475,0.058247447,0.029471014,0.90700996,0.9999936,0.0034461555,0.04030413,0.025937665,0.04338003,0.0033881615,0.021493038,0.0025034263,0.97401303,0.41929618,0.060457915,0.004769447,0.0036910041,0.050128758,0.0038851388,0.109702885,0.36104098,-4.597852,105.91891,90.48223,2.1057725,-9.790034,1.9795849,2.156143,91.83734,-4.258156,-3.460312,51.07205623901582,53.35676625659051,72.46045694200352,11.63444639718805,63.44463971880493,90.26362038664324,22.601054481546576,47.41652021089632,47.59226713532514,25.869947275922673,37.188049209138846,5.588752196836555,49.13884007029878,93.53251318101934,53.145869947275926,84.32337434094904,86.46748681898067,85.76449912126539,64.60456942003516,22.03866432337434,84.92091388400704,92.44288224956064,18.4182776801406,18.910369068541304,83.62038664323376,92.79437609841828,19.92970123022847,69.45518453427066,53.145869947275926,61.019332161687174,11.70474516695958,1.9332161687170475,32.86467486818981,89.94727592267137,74.55184534270651,31.77504393673111,37.609841827768015,22.35500878734622,54.97363796133568,17.047451669595784,4.182776801405976,55.28998242530757,74.0597539543058,89.94727592267137,87.90861159929702,25.62390158172232,72.16168717047452,22.74165202108963,65.06151142355009,72.51318101933217,26.99472759226714,7.592267135325132,1,0,0,1,0,0.9163594469623835,0.32182849016,0.6385320439966929,0.7595728716437959,0.35910775041775983,27
Nc1ccc(-c2nc3c(Cl)cc(N)cc3[nH]2)cc1,MAPK1_rank26_cid852945,MAPK1,852945,26,0.7336946715497488,0.0427956995704481,0.0149024664091562,0,Nc1ccc(-c2nc3c(Cl)cc(N)cc3[nH]2)cc1,c1ccc(-c2nc3ccccc3[nH]2)cc1,258.71200000000005,3.0477,80.72,3,3,1,0,True,258.71200000000005,3.0477,3,3,4.0,0.5869806997698727,0,80.72,0,1,0,0.9109275,0.42586693,0.71232617,0.9840455,0.612368,0.017743494,0.2193068,0.033774212,0.48138064,0.3541159,0.8733672,0.09999368,0.19966444,0.9471456,0.99985266,0.13537566,0.08581862,0.99421006,0.7131573,0.3257799,0.5043219,0.049802303,0.8894571,0.3536921,0.95304406,0.6726877,0.411956,0.9761804,0.7141105,0.8132513,0.7096472,-4.8878684,28.800238,1.83181,80.42978,-15.457306,2.2602754,2.5242503,90.10088,-4.1721115,14.09447,29.525483304042183,61.968365553602816,32.653778558875224,78.20738137082601,63.44463971880493,58.59402460456943,22.601054481546576,55.149384885764505,47.59226713532514,66.52021089630932,37.188049209138846,97.71528998242532,27.381370826010546,34.90333919156415,98.66432337434097,88.96309314586996,11.810193321616874,76.8365553602812,24.49912126537786,84.56942003514939,41.968365553602816,93.77855887521967,30.193321616871707,69.9121265377856,90.01757469244289,71.49384885764499,91.45869947275924,89.20913884007031,99.92970123022847,99.29701230228471,95.92267135325132,95.50087873462216,79.89455184534272,63.58523725834799,71.49384885764499,99.7188049209139,99.78910369068542,97.4340949033392,99.92970123022847,99.12126537785588,86.22144112478033,72.54833040421794,53.39191564147628,47.27592267135326,26.045694200351495,91.8804920913884,32.54833040421793,38.55887521968366,71.56414762741653,69.59578207381371,28.68189806678383,95.32513181019333,4,3,4,3,1,0.7897538063463068,0.6991256088,0.5537521249385611,0.5849333640670191,0.3413169133272798,28
C=CCSc1nc(N)c(C#N)c(-c2ccccc2)c1C#N,MAPK1_rank29_cid7976150,MAPK1,7976150,29,0.7252625852296961,0.0427956995704481,0.0149024664091562,0,C=CCSc1nc(N)c(C#N)c(-c2ccccc2)c1C#N,c1ccc(-c2ccncc2)cc1,292.3670000000001,3.352260000000001,86.49,1,5,4,0,True,292.3670000000001,3.352260000000001,5,1,4.0,0.6894262143590258,0,86.49,0,1,0,0.25152513,0.542909,0.51981026,0.9225569,0.8962933,0.13274482,0.90755016,0.051124908,0.1482308,0.5580317,0.69073975,0.13295023,0.013782002,0.90734404,0.99984324,0.056767154,0.02677809,0.48593426,0.26250654,0.15974826,0.17764595,0.2834208,0.94183826,0.30957007,0.78012544,0.2583877,0.5043449,0.7829375,0.3663807,0.76347965,0.20726171,-4.3680544,121.120895,101.83026,26.168661,-6.690305,1.7142292,3.1399179,104.73651,-6.487188,-4.0666285,38.20738137082601,66.50263620386644,61.880492091388405,36.59050966608085,63.44463971880493,73.28646748681899,22.601054481546576,58.98066783831283,47.59226713532514,66.52021089630932,37.188049209138846,54.516695957820744,36.02811950790861,18.172231985940247,95.78207381370828,97.01230228471005,50.61511423550088,98.13708260105447,30.579964850615116,67.31107205623903,62.284710017574696,88.04920913884008,40.98418277680141,9.173989455184534,83.62038664323376,70.93145869947277,85.23725834797892,51.56414762741653,92.89982425307558,90.36906854130054,91.59929701230227,80.35149384885766,96.76625659050968,75.7469244288225,69.24428822495607,96.09841827768015,95.67662565905096,98.0316344463972,96.16871704745168,92.93497363796136,80.8084358523726,42.98769771528999,89.03339191564149,93.25131810193322,90.61511423550088,65.41300527240774,89.3145869947276,11.036906854130054,81.93321616871705,95.78207381370828,2.0035149384885766,5.62390158172232,2,0,3,4,1,0.982480936,0.40999250264,0.3759672115998174,0.6720827727999361,0.34051100641898796,29
CCN(CC)S(=O)(=O)c1ccc(C(=O)Nc2ccc3c(c2)OCCO3)cc1,MAPK1_rank30_cid3715176,MAPK1,3715176,30,0.7153440591075969,0.0421305848381568,0.0158430806840968,0,CCN(CC)S(=O)(=O)c1ccc(C(=O)Nc2ccc3c(c2)OCCO3)cc1,O=C(Nc1ccc2c(c1)OCCO2)c1ccccc1,390.4610000000002,2.7406000000000015,84.94000000000001,1,5,6,0,True,390.4610000000002,2.7406000000000015,5,1,4.0,0.8197963954000393,0,84.94000000000001,0,0,0,0.12091179,0.6141248,0.84148395,0.5238911,0.8084831,0.36728624,0.8194749,0.14433624,0.18548815,0.6049539,0.54900306,0.22238147,0.118275546,0.93541586,0.9996877,0.020635735,0.039255053,0.3138976,0.24892029,0.07815756,0.23634443,0.088633284,0.8797736,0.6652298,0.37679887,0.054574598,0.07849512,0.57861745,0.15210472,0.32028082,0.5399947,-4.718047,102.918045,89.2673,31.85831,-13.828638,2.0834408,2.941961,95.86238,-5.1778193,2.533375,63.30404217926187,57.39894551845343,61.880492091388405,36.59050966608085,63.44463971880493,91.52899824253076,22.601054481546576,57.961335676625666,47.59226713532514,25.869947275922673,37.188049209138846,32.12653778558875,41.26537785588753,60.66783831282953,81.61687170474518,94.72759226713534,93.53251318101934,96.80140597539544,59.29701230228471,70.50966608084359,68.18980667838314,84.3585237258348,64.07732864674868,55.43057996485062,88.15465729349737,66.22144112478033,66.99472759226714,68.6115992970123,87.59226713532514,89.63093145869948,83.16344463971882,86.5377855887522,86.5377855887522,61.82776801405976,83.72583479789104,76.52021089630932,78.5237258347979,80.24604569420036,90.75571177504396,80.14059753954307,23.90158172231986,64.88576449912127,65.3427065026362,89.06854130052724,87.45166959578208,69.84182776801407,42.6713532513181,27.521968365553604,78.66432337434095,80.42179261862918,11.845342706502636,59.29701230228471,2,0,1,4,0,0.8460186037549063,0.43835852872000003,0.5877798556886628,0.6845407588129946,0.3260548641149164,30
Cc1ccc(NS(=O)(=O)c2ccc3c(c2)oc(=O)n3C)cc1F,PKM2_rank01_cid7966421,PKM2,7966421,1,0.9418679003378738,0.8336433887481689,0.0938424195854586,1,Cc1ccc(NS(=O)(=O)c2ccc3c(c2)oc(=O)n3C)cc1F,O=c1[nH]c2ccc(S(=O)(=O)Nc3ccccc3)cc2o1,336.34400000000005,2.3798200000000005,81.31,1,4,3,0,True,336.34400000000005,2.3798200000000005,4,1,4.0,0.7960737726317189,0,81.31,0,0,0,0.0060572634,0.7700624,0.90366954,0.67764217,0.85361385,0.46792346,0.8488641,0.13245523,0.11033764,0.5344334,0.6852453,0.17354408,0.04640956,0.9540348,0.999983,0.0031147297,0.02654243,0.118662536,0.07927609,0.0074860877,0.057683725,0.010464115,0.93750256,0.35783762,0.1035712,0.007212651,0.00951082,0.13131623,0.011406091,0.12351704,0.357198,-4.684124,48.322563,30.503315,28.457083,-12.990023,2.2977977,2.4178872,96.23713,-4.569102,-2.2746372,50.57996485061512,50.22847100175748,48.55887521968366,36.59050966608085,63.44463971880493,88.40070298769773,22.601054481546576,55.32513181019333,47.59226713532514,25.869947275922673,37.188049209138846,1.6871704745166962,54.41124780316345,80.28119507908612,86.85413005272409,96.16871704745168,97.5395430579965,97.2231985940246,57.012302284710024,62.00351493848858,59.472759226713535,87.94376098418279,52.513181019332166,30.509666080843587,90.896309314587,87.5219683655536,18.488576449912127,51.31810193321618,73.42706502636204,71.63444639718806,27.416520210896312,28.295254833040424,58.699472759226715,74.41124780316345,71.70474516695958,45.02636203866432,44.49912126537786,40.17574692442883,67.87346221441125,32.02108963093146,5.131810193321617,55.11423550087874,67.87346221441125,62.741652021089635,54.833040421792624,67.38137082601055,48.1195079086116,40.702987697715294,69.27943760984184,81.40597539543059,21.265377855887525,15.008787346221444,1,0,0,4,0,0.8753045916506612,0.344159769148,0.661903815337385,0.7457482297413494,0.9618622344612024,1
Cn1c(=O)oc2cc(S(=O)(=O)Nc3ccccc3)ccc21,PKM2_rank02_cid24787185,PKM2,24787185,2,0.8476600339510393,0.7681818127632141,0.1864190681576986,1,Cn1c(=O)oc2cc(S(=O)(=O)Nc3ccccc3)ccc21,O=c1[nH]c2ccc(S(=O)(=O)Nc3ccccc3)cc2o1,304.32700000000006,1.9323,81.31,1,4,3,0,True,304.32700000000006,1.9323,4,1,4.0,0.8013894136289719,0,81.31,0,0,0,0.004949738,0.76691765,0.9221651,0.3739338,0.56397694,0.5402404,0.61321926,0.086702965,0.0494354,0.36076266,0.1429896,0.2542519,0.045259614,0.9529022,0.99992037,0.0031864562,0.021145353,0.052581757,0.02651853,0.0067027397,0.076788545,0.010929367,0.8583312,0.15429275,0.062169634,0.004144702,0.005912752,0.057172786,0.0075858785,0.14892568,0.17746368,-4.795446,45.98785,24.486126,18.196716,-13.679433,2.1838138,1.9642597,93.354385,-4.1960754,-3.083672,41.86291739894552,43.65553602811951,48.55887521968366,36.59050966608085,63.44463971880493,89.49033391915643,22.601054481546576,55.32513181019333,47.59226713532514,25.869947275922673,37.188049209138846,1.335676625659051,54.13005272407733,86.78383128295256,75.88752196836556,87.48681898066785,99.05096660808437,93.21616871704748,43.831282952548335,48.89279437609842,42.49560632688928,63.198594024604574,69.56063268892795,29.841827768014063,90.75571177504396,75.81722319859404,18.66432337434095,42.81195079086116,63.23374340949034,54.13005272407733,24.63971880492092,43.40949033391916,59.57820738137083,58.48857644991213,58.48857644991213,32.26713532513181,35.606326889279444,30.720562390158175,56.59050966608085,25.76449912126538,7.381370826010546,40.105448154657296,59.71880492091389,60.98418277680141,48.787346221441126,55.21968365553603,43.514938488576455,33.49736379613357,61.792618629173994,75.39543057996485,28.1195079086116,9.455184534270652,1,0,0,2,0,0.8126890854312905,0.31457639164,0.6750819213714767,0.732710208742533,0.8510583183240974,2
Cc1cc2c(cc1S(=O)(=O)Nc1ccc(F)cc1)n(C)c(=O)c(=O)n2C,PKM2_rank03_cid49735565,PKM2,49735565,3,0.8467099850219416,0.7681818127632141,0.1864190681576986,1,Cc1cc2c(cc1S(=O)(=O)Nc1ccc(F)cc1)n(C)c(=O)c(=O)n2C,O=c1[nH]c2ccc(S(=O)(=O)Nc3ccccc3)cc2[nH]c1=O,377.39700000000016,1.4855199999999995,90.17000000000002,1,4,3,0,True,377.39700000000016,1.4855199999999995,4,1,4.0,0.700407187859555,0,90.17000000000002,0,1,0,0.019826123,0.7009159,0.92424667,0.4322893,0.42542323,0.5437647,0.65131557,0.12821941,0.048726525,0.5576046,0.5288958,0.26778466,0.08744697,0.98358905,0.99972516,0.007257077,0.036962498,0.13705352,0.04650248,0.0064040036,0.062080074,0.017695837,0.8704413,0.41967034,0.16038635,0.016276691,0.008038621,0.1001334,0.03504137,0.13849747,0.36138418,-4.8521852,23.996746,16.813818,27.965216,-15.333323,2.613966,1.7001858,88.35713,-4.30688,-1.6920521,60.140597539543066,37.46924428822496,48.55887521968366,36.59050966608085,63.44463971880493,75.2548330404218,22.601054481546576,61.37082601054482,47.59226713532514,66.52021089630932,37.188049209138846,5.553602811950792,48.2249560632689,87.7328646748682,78.66432337434095,82.42530755711776,99.15641476274166,93.81370826010546,55.64147627416521,48.822495606326896,62.17926186291741,83.58523725834799,72.33743409490334,47.31107205623902,96.66080843585236,67.41652021089631,38.34797891036907,66.15114235500879,76.06326889279438,62.17926186291741,23.65553602811951,32.68892794376099,66.18629173989456,60.00000000000001,74.58699472759227,56.20386643233744,60.84358523725835,36.62565905096661,64.32337434094904,53.286467486818985,6.32688927943761,55.28998242530757,55.60632688927944,42.56590509666081,40.84358523725835,66.85413005272409,33.391915641476274,61.05448154657294,56.76625659050967,66.85413005272409,26.22144112478032,20.0,1,0,0,2,1,0.7964401715399275,0.37104948806000004,0.6463184812521731,0.7020251650392316,0.8448918821689817,3
COc1cccc(NS(=O)(=O)c2ccc3c(c2)n(C)c(=O)c(=O)n3C)c1,PKM2_rank04_cid4245024,PKM2,4245024,4,0.7375705126935798,0.5324675270489284,0.1469312715445309,1,COc1cccc(NS(=O)(=O)c2ccc3c(c2)n(C)c(=O)c(=O)n3C)c1,O=c1[nH]c2ccc(S(=O)(=O)Nc3ccccc3)cc2[nH]c1=O,375.4060000000001,1.0465999999999995,99.4,1,5,4,0,True,375.4060000000001,1.0465999999999995,5,1,4.0,0.6872820171212958,0,99.4,0,1,0,0.01727972,0.6997999,0.9248071,0.47804785,0.43366852,0.53067404,0.6758254,0.14790075,0.05244984,0.58297664,0.7386628,0.22157586,0.09897803,0.9829157,0.9999202,0.0046714596,0.03326559,0.16458586,0.046523593,0.004346087,0.052246757,0.007069723,0.8783385,0.38745713,0.124509335,0.01405554,0.006655948,0.060074043,0.018378159,0.11075608,0.43804374,-5.096101,33.58666,27.080303,11.963381,-16.761518,2.3185754,1.3142337,87.12121,-4.2346926,-3.6466167,59.68365553602813,32.16168717047452,61.880492091388405,36.59050966608085,63.44463971880493,72.89982425307558,22.601054481546576,67.38137082601055,47.59226713532514,66.52021089630932,37.188049209138846,4.6045694200351495,48.154657293497365,88.04920913884008,80.38664323374341,82.56590509666081,98.84007029876976,94.2706502636204,60.00000000000001,49.9121265377856,65.27240773286468,89.34973637961336,63.831282952548335,50.36906854130053,96.3444639718805,75.7469244288225,26.256590509666083,60.98418277680141,78.55887521968366,62.17926186291741,15.957820738137084,23.12829525483304,51.91564147627417,61.40597539543059,73.14586994727593,49.66608084358524,58.03163444639719,32.970123022847105,57.11775043936731,40.07029876977153,4.323374340949034,59.789103690685415,40.49209138840071,51.95079086115994,51.493848857645,43.69068541300528,26.432337434094904,41.89806678383129,50.19332161687171,64.4639718804921,27.451669595782075,6.748681898066785,1,0,0,2,1,0.7138043666793337,0.3811814868,0.5984357215459915,0.6496788775128304,0.650357088396494,4
Cc1ccc(S(=O)(=O)N2CCN(C(=O)c3ccco3)CC2)cc1,PKM2_rank08_cid47200821,PKM2,47200821,8,0.6334509550241861,0.2111111119389534,0.0157134851971135,0,Cc1ccc(S(=O)(=O)N2CCN(C(=O)c3ccco3)CC2)cc1,O=C(c1ccco1)N1CCN(S(=O)(=O)c2ccccc2)CC1,334.3970000000001,1.73472,70.83000000000001,0,4,3,0,True,334.3970000000001,1.73472,4,0,4.0,0.8570297653852426,0,70.83000000000001,0,0,0,0.21343982,0.9141019,0.8050892,0.09082107,0.8017349,0.2881251,0.5439275,0.08298462,0.024748025,0.65280086,0.26337022,0.2260597,0.032822035,0.880421,0.9999324,0.008618252,0.017526936,0.021822222,0.0656562,0.015607975,0.09928378,0.03516226,0.95877945,0.37198013,0.2589139,0.01204126,0.022958087,0.113553986,0.023261802,0.46963435,0.2616704,-4.529442,97.18761,77.59866,-13.065129,-10.511335,2.365643,2.152681,75.98595,-3.343153,-6.3815923,50.19332161687171,40.52724077328647,48.55887521968366,11.63444639718805,63.44463971880493,95.92267135325132,22.601054481546576,47.17047451669596,47.59226713532514,25.869947275922673,37.188049209138846,48.787346221441126,71.03690685413005,51.95079086115994,54.13005272407733,94.58699472759228,85.94024604569421,91.2829525483304,42.601054481546576,38.55887521968366,74.23550087873463,71.91564147627417,64.78031634446398,21.511423550087876,79.92970123022847,77.50439367311073,42.95254833040422,35.81722319859403,50.43936731107206,68.57644991212655,47.873462214411255,56.52021089630932,75.39543057996485,82.31985940246047,72.40773286467487,67.27592267135326,55.2548330404218,57.644991212653785,66.01054481546574,44.9560632688928,43.02284710017575,47.59226713532514,79.7188049209139,87.48681898066785,83.30404217926187,5.237258347978911,66.60808435852373,44.81546572934974,64.99121265377856,51.95079086115994,44.8506151142355,1.7574692442882252,1,0,0,2,0,0.935627420410975,0.3893333376,0.795080997295525,0.8051959828178237,0.3100615101161037,5
CCNC(=S)N1CCN(S(=O)(=O)c2ccc(C)c(C)c2)CC1,PKM2_rank05_cid24837285,PKM2,24837285,5,0.6353858156874542,0.2111111119389534,0.0157134851971135,0,CCNC(=S)N1CCN(S(=O)(=O)c2ccc(C)c(C)c2)CC1,O=S(=O)(c1ccccc1)N1CCNCC1,341.5020000000002,1.5041399999999998,52.65,1,3,3,0,True,341.5020000000002,1.5041399999999998,3,1,4.0,0.8447268187935372,0,52.65,0,1,0,0.38787234,0.91444767,0.75475484,0.13259512,0.84368837,0.19333056,0.46910375,0.1561517,0.09356227,0.73187387,0.6139368,0.1746598,0.07039464,0.63542455,0.99990445,0.015982868,0.01994043,0.04593166,0.12425616,0.03279607,0.10227504,0.025571678,0.9702346,0.3565996,0.3000949,0.018394912,0.05077082,0.17088044,0.039997023,0.54505503,0.47459078,-4.702875,96.5436,94.80459,-5.7603536,-9.525635,2.6296747,2.738401,82.13583,-3.650811,-3.0159793,52.02108963093146,37.53954305799649,32.653778558875224,36.59050966608085,63.44463971880493,94.55184534270651,22.601054481546576,32.75922671353251,47.59226713532514,66.52021089630932,37.188049209138846,69.06854130052724,71.03690685413005,41.652021089630935,59.71880492091389,95.88752196836556,68.26010544815466,88.96309314586996,61.652021089630935,59.33216168717048,85.02636203866433,86.0456942003515,52.75922671353252,40.597539543058,62.108963093145874,74.48154657293497,60.456942003514946,40.38664323374341,61.30052724077329,78.84007029876977,65.76449912126539,57.9261862917399,71.07205623901582,87.55711775043937,71.70474516695958,70.50966608084359,62.91739894551846,72.86467486818981,71.52899824253076,56.13356766256591,53.286467486818985,61.335676625659055,66.50263620386644,86.99472759226714,88.78734622144113,12.72407732864675,73.56766256590511,61.89806678383129,75.00878734622145,58.101933216168725,39.29701230228471,9.595782073813709,2,0,0,2,1,0.8785473617748603,0.42266261819999995,0.7588940192780333,0.7613661969072557,0.3066716173125451,6
Cc1cc(C)cc(NS(=O)(=O)c2cccs2)c1,PKM2_rank23_cid49725559,PKM2,49725559,23,0.582156190110899,0.370817220211029,0.2415720295093088,0,Cc1cc(C)cc(NS(=O)(=O)c2cccs2)c1,O=S(=O)(Nc1ccccc1)c1cccs1,267.375,3.1657400000000013,46.17,1,3,3,0,True,267.375,3.1657400000000013,3,1,4.0,0.9281193608703888,0,46.17,0,0,0,0.088996165,0.9011814,0.80109864,0.97152823,0.98745596,0.16605645,0.8708483,0.13637115,0.58757395,0.51556313,0.8725586,0.096492626,0.030231427,0.7551772,0.99999875,0.0021890097,0.014088812,0.34982902,0.28215614,0.019529158,0.12302826,0.005183388,0.96764314,0.28537154,0.16291246,0.010845948,0.07164542,0.3332091,0.016956078,0.46137547,0.56740993,-4.8923635,100.61195,74.00771,14.01819,-9.542679,1.6550026,2.776653,100.00099,-4.2098837,-1.562513,31.77504393673111,63.69068541300528,32.653778558875224,36.59050966608085,63.44463971880493,99.89455184534272,22.601054481546576,27.275922671353253,47.59226713532514,25.869947275922673,37.188049209138846,24.92091388400703,68.8224956063269,50.72056239015818,98.27768014059755,99.43760984182778,61.51142355008787,97.6449912126538,57.961335676625666,87.45166959578208,57.68014059753955,93.77855887521967,29.103690685413007,19.36731107205624,69.56063268892795,97.15289982425308,12.829525483304044,28.506151142355012,88.85764499121267,91.17750439367312,53.88400702987698,67.1353251318102,46.0456942003515,85.97539543057998,68.04920913884007,56.695957820738144,53.11072056239016,78.73462214411248,80.63268892794378,38.62917398945519,42.00351493848858,66.18629173989456,53.11072056239016,88.43585237258348,82.03866432337435,47.45166959578208,73.42706502636204,9.068541300527242,75.7469244288225,88.99824253075572,27.838312829525485,21.15992970123023,2,0,0,5,0,0.8117071933421385,0.38506644974,0.6475597887370381,0.7050621909598187,0.3061608509786114,7
CCS(=O)(=O)N1CCN(S(=O)(=O)c2ccc(F)cc2)CC1,PKM2_rank12_cid4258657,PKM2,4258657,12,0.6324042896383102,0.2063829809427261,0.0090268982175722,0,CCS(=O)(=O)N1CCN(S(=O)(=O)c2ccc(F)cc2)CC1,O=S(=O)(c1ccccc1)N1CCNCC1,336.4100000000001,0.4817000000000002,74.76,0,4,4,0,True,336.4100000000001,0.4817000000000002,4,0,4.0,0.8015381489056889,0,74.76,0,0,0,0.6501205,0.9214468,0.79835004,0.022464043,0.40304786,0.23387714,0.10569356,0.082673535,0.023681639,0.6151912,0.05698832,0.36921453,0.04850499,0.7042182,0.99948233,0.03115121,0.022290355,0.0061477525,0.053463183,0.021414878,0.11905129,0.027781826,0.9263153,0.13327101,0.3070117,0.011715028,0.040067464,0.06770387,0.050076164,0.73428977,0.16408797,-4.374799,84.92153,65.87624,-1.5677868,-9.546512,2.2723858,1.6988264,62.245552,-2.9552271,-5.4156327,50.61511423550088,26.959578207381373,48.55887521968366,11.63444639718805,63.44463971880493,89.56063268892795,22.601054481546576,50.474516695957824,47.59226713532514,25.869947275922673,37.188049209138846,88.99824253075572,72.30228471001759,50.298769771529,38.242530755711776,81.23022847100177,76.69595782073814,66.4323374340949,42.39015817223199,37.85588752196837,69.34973637961336,51.45869947275923,84.99121265377856,31.52899824253076,66.15114235500879,61.44112478031635,75.95782073813709,44.74516695957821,30.36906854130053,64.85061511423551,56.239015817223205,65.90509666080844,72.58347978910369,71.42355008787347,56.44991212653779,71.07205623901582,54.76274165202109,67.80316344463972,58.94551845342707,60.140597539543066,76.90685413005274,38.66432337434095,88.50615114235502,81.82776801405976,78.4182776801406,19.68365553602812,73.42706502636204,39.36731107205624,56.76625659050967,38.20738137082601,53.63796133567663,2.81195079086116,3,0,0,0,0,0.9776616385,0.46430926019999996,0.788518353248921,0.8009687639871224,0.3048760943724368,8
Cc1ccc(S(=O)(=O)Nc2cccnc2)cc1C,PKM2_rank06_cid47201626,PKM2,47201626,6,0.6350559605330995,0.2111111119389534,0.0157134851971135,0,Cc1ccc(S(=O)(=O)Nc2cccnc2)cc1C,O=S(=O)(Nc1cccnc1)c1ccccc1,262.33400000000006,2.4992400000000004,59.06,1,3,3,0,True,262.33400000000006,2.4992400000000004,3,1,4.0,0.9241605964233108,0,59.06,0,0,0,0.0056595956,0.8089777,0.91749066,0.75016385,0.9194832,0.27975073,0.75374615,0.102529086,0.24993463,0.36348462,0.85055685,0.07758522,0.03844143,0.82582104,0.9999994,0.0005390736,0.0113279205,0.08416343,0.11763473,0.0038690683,0.038192455,0.00095213123,0.9432043,0.09851687,0.042865,0.0018837703,0.012467952,0.04100674,0.0017539657,0.13012551,0.3998557,-4.9816337,57.155018,34.118866,3.059766,-12.214796,1.9061317,1.8840513,93.78456,-3.7909489,-2.0889907,30.404217926186295,52.4780316344464,32.653778558875224,36.59050966608085,63.44463971880493,99.78910369068542,22.601054481546576,37.73286467486819,47.59226713532514,25.869947275922673,37.188049209138846,1.5114235500878737,57.99648506151143,85.16695957820738,89.06854130052724,97.50439367311073,84.60456942003516,95.67662565905096,48.1195079086116,74.37609841827769,42.6713532513181,93.00527240773287,23.97188049209139,25.413005272407737,74.55184534270651,98.38312829525483,2.6010544815465733,21.54657293497364,69.20913884007031,77.82073813708261,13.778558875219684,11.56414762741652,18.242530755711776,76.02811950790861,52.72407732864675,23.33919156414763,23.304042179261867,45.377855887521974,52.16168717047452,8.892794376098418,5.518453427065027,57.68014059753955,46.81898066783832,68.64674868189807,57.188049209138846,27.346221441124783,53.32161687170475,19.226713532513184,59.96485061511424,76.2390158172232,36.44991212653779,16.660808435852374,1,0,0,4,0,0.7732329341980326,0.312794459232,0.7109864303677166,0.7299398094999139,0.3014147526627417,9
COc1ccc(C)cc1S(=O)(=O)Nc1ccccc1,PKM2_rank09_cid14734616,PKM2,14734616,9,0.6332809002349961,0.2111111119389534,0.0157134851971135,0,COc1ccc(C)cc1S(=O)(=O)Nc1ccccc1,O=S(=O)(Nc1ccccc1)c1ccccc1,277.34499999999997,2.8044200000000012,55.400000000000006,1,3,4,0,True,277.34499999999997,2.8044200000000012,3,1,4.0,0.9345809445170352,0,55.400000000000006,0,0,0,0.020195711,0.88973653,0.89638805,0.81499064,0.960495,0.31030458,0.7958826,0.1275684,0.22431478,0.48083916,0.65616065,0.104942404,0.028218905,0.84235495,0.9999982,0.0011468098,0.014861953,0.11585945,0.101616636,0.010401463,0.10279353,0.004806268,0.9616302,0.3120873,0.08196822,0.0038978097,0.014596452,0.20173833,0.0066230767,0.25462216,0.4546368,-4.703692,91.623985,65.433304,3.6907306,-9.635136,1.8072752,2.6011043,97.69796,-4.259488,-2.8561409,33.98945518453427,58.383128295254835,32.653778558875224,36.59050966608085,63.44463971880493,99.96485061511424,22.601054481546576,34.76274165202109,47.59226713532514,25.869947275922673,37.188049209138846,5.62390158172232,67.17047451669596,77.57469244288225,91.70474516695958,98.5237258347979,88.43585237258348,96.37961335676628,55.50087873462215,72.86467486818981,53.67311072056239,87.06502636203867,31.84534270650264,17.961335676625662,76.02811950790861,96.55536028119508,6.502636203866433,30.087873462214414,73.00527240773287,75.32513181019333,36.8365553602812,58.31282952548331,44.88576449912127,83.23374340949034,69.3145869947276,39.22671353251319,34.62214411247803,48.36555360281196,74.1652021089631,23.97188049209139,15.992970123022848,60.38664323374341,66.50263620386644,84.85061511423551,78.13708260105449,28.717047451669597,72.93497363796135,14.235500878734625,72.93497363796135,84.25307557117752,26.92442882249561,10.755711775043938,1,0,0,4,0,0.8757232097609658,0.34597106542,0.6616295261561645,0.7453668517040439,0.3008072483334519,10
O=S(=O)(Nc1ccc2c(c1)OCO2)c1ccccc1,PKM2_rank10_cid14720761,PKM2,14720761,10,0.6328921363103924,0.2111111119389534,0.0157134851971135,0,O=S(=O)(Nc1ccc2c(c1)OCO2)c1ccccc1,O=S(=O)(Nc1ccc2c(c1)OCO2)c1ccccc1,277.301,2.2161,64.63000000000001,1,4,3,0,True,277.301,2.2161,4,1,4.0,0.9338924687208672,0,64.63000000000001,0,0,0,0.027842727,0.841379,0.865465,0.92305803,0.96805304,0.2727368,0.83882797,0.13043258,0.7773919,0.37546453,0.8890788,0.1319308,0.08132569,0.82067454,0.9999973,0.002304195,0.021461433,0.30599245,0.23136798,0.013890922,0.11311171,0.0042454605,0.8862079,0.33893037,0.13953587,0.007448306,0.039648794,0.21880992,0.015315858,0.28087676,0.66426617,-4.79239,74.02761,48.472248,6.179156,-11.716883,2.032001,2.3360007,98.3741,-4.268711,-3.4070256,33.98945518453427,47.80316344463972,48.55887521968366,36.59050966608085,63.44463971880493,99.92970123022847,22.601054481546576,42.84710017574693,47.59226713532514,25.869947275922673,37.188049209138846,7.416520210896309,61.37082601054482,67.34622144112478,95.78207381370828,98.76977152899823,83.65553602811951,97.18804920913884,56.379613356766264,92.89982425307558,43.79613356766257,94.44639718804922,40.73813708260106,44.9560632688928,74.30579964850615,95.6414762741652,13.637961335676628,43.30404217926187,87.06502636203867,88.43585237258348,45.02636203866432,62.95254833040423,42.70650263620387,63.198594024604574,70.65026362038665,52.44288224956064,45.09666080843586,67.69771528998243,74.97363796133568,36.90685413005273,18.910369068541304,70.57996485061513,60.07029876977153,76.55536028119509,67.55711775043937,33.145869947275926,57.188049209138846,25.026362038664324,67.83831282952549,85.58875219683657,26.889279437609844,7.768014059753955,2,0,0,5,0,0.8221528334349142,0.40026568574,0.6974289651200966,0.7228948497309995,0.2967965839217086,11
N#CCc1ccc(NS(=O)(=O)c2cccs2)cc1,PKM2_rank16_cid7972968,PKM2,7972968,16,0.6320357253637418,0.2111111119389534,0.0157134851971135,1,N#CCc1ccc(NS(=O)(=O)c2cccs2)cc1,O=S(=O)(Nc1ccccc1)c1cccs1,278.358,2.61498,69.96000000000001,1,4,4,0,True,278.358,2.61498,4,1,4.0,0.9341822428943984,0,69.96000000000001,0,0,0,0.14553532,0.6339496,0.7999547,0.7928648,0.85897845,0.32206732,0.75848675,0.16491206,0.4082002,0.5558716,0.66908437,0.26745206,0.08662548,0.82698834,0.9997326,0.022542644,0.028666442,0.28391796,0.26001018,0.057248592,0.16630083,0.047296025,0.87076414,0.2716654,0.30602083,0.03914046,0.1186863,0.40832138,0.11000313,0.47678632,0.4524464,-4.8075686,51.352467,29.915741,8.656546,-12.034294,2.1243587,1.7924101,92.77632,-3.8874035,-2.8458295,34.340949033391915,54.692442882249566,48.55887521968366,36.59050966608085,63.44463971880493,99.96485061511424,22.601054481546576,46.57293497363796,47.59226713532514,25.869947275922673,37.188049209138846,37.01230228471002,42.98769771528999,50.61511423550088,90.896309314587,96.41476274165204,89.63093145869948,95.78207381370828,63.09314586994728,82.2847100175747,62.03866432337435,87.45166959578208,72.23198594024605,47.065026362038665,74.83304042179263,67.76801405975397,69.10369068541301,54.41124780316345,86.25659050966608,90.26362038664324,78.24253075571178,78.59402460456943,79.40246045694201,60.140597539543066,67.06502636203867,70.96660808435853,73.67311072056239,86.32688927943762,84.04217926186293,74.6572934973638,43.93673110720563,60.35149384885765,58.62917398945519,65.02636203866433,54.059753954305805,37.50439367311073,54.76274165202109,29.876977152899823,58.34797891036907,74.13005272407733,34.62214411247803,10.826010544815468,1,0,0,4,0,0.8121053674317394,0.4148520756,0.7430549383434715,0.7311983564929108,0.29663254850694215,12
CCC(CC)C(=O)N1N=C(c2ccc(NS(C)(=O)=O)cc2)CC1c1ccccc1,PKM2_rank13_cid24782107,PKM2,24782107,13,0.6321130352350172,0.2063829809427261,0.0090268982175722,0,CCC(CC)C(=O)N1N=C(c2ccc(NS(C)(=O)=O)cc2)CC1c1ccccc1,c1ccc(C2=NNC(c3ccccc3)C2)cc1,413.5430000000002,4.172000000000003,78.84,1,4,7,0,True,413.5430000000002,4.172000000000003,4,1,4.0,0.7397649654631676,1,78.84,0,0,0,0.04843669,0.7412799,0.780778,0.42947993,0.95735043,0.3382734,0.9642019,0.10676658,0.19167939,0.7377299,0.9173895,0.14768401,0.070919275,0.9406204,0.99997264,0.005096212,0.020688213,0.28762075,0.26401907,0.033146128,0.1386598,0.047261298,0.93115014,0.86858976,0.38166422,0.02273487,0.055442195,0.5236181,0.039675336,0.18465179,0.7408465,-4.8702292,35.65912,38.202705,9.276065,-13.6943865,2.9303093,2.8370297,95.3533,-4.48629,-1.1022942,68.54130052724078,79.36731107205624,48.55887521968366,36.59050966608085,63.44463971880493,80.91388400702988,55.32513181019333,53.286467486818985,47.59226713532514,25.869947275922673,37.188049209138846,12.9701230228471,52.23198594024605,46.99472759226714,78.59402460456943,98.34797891036908,91.45869947275924,99.19156414762745,49.244288224956065,70.93145869947277,85.41300527240774,95.4657293497364,45.30755711775044,40.80843585237259,88.99824253075572,84.49912126537787,28.57644991212654,41.792618629173994,86.32688927943762,90.4042179261863,65.83479789103691,71.95079086115993,79.36731107205624,72.82952548330405,92.23198594024603,76.8365553602812,66.15114235500879,74.30579964850615,88.85764499121267,56.06326889279438,9.876977152899824,74.51669595782074,54.516695957820744,53.46221441124781,60.597539543058005,38.55887521968366,43.44463971880492,79.12126537785589,76.76625659050967,79.5079086115993,22.88224956063269,24.81546572934974,2,0,1,3,0,0.8084693399576679,0.44113509079999996,0.7495829589967758,0.7254579989319387,0.293070105810579,13
COc1ccc(S(=O)(=O)Nc2ccc3c(c2)OCO3)cc1C,PKM2_rank11_cid14723251,PKM2,14723251,11,0.6324706939202026,0.2111111119389534,0.0157134851971135,0,COc1ccc(S(=O)(=O)Nc2ccc3c(c2)OCO3)cc1C,O=S(=O)(Nc1ccc2c(c1)OCO2)c1ccccc1,321.3540000000001,2.5331200000000003,73.86000000000001,1,5,4,0,True,321.3540000000001,2.5331200000000003,5,1,4.0,0.9365047187413597,0,73.86000000000001,1,0,0,0.044896666,0.7755397,0.854287,0.94140023,0.98893756,0.20090094,0.9087516,0.16232778,0.86927766,0.5128805,0.990548,0.083763525,0.101931974,0.83445674,0.99999887,0.0024134463,0.027425468,0.53179103,0.45817265,0.015994336,0.07975121,0.0030755138,0.91990316,0.5984167,0.22811416,0.013349578,0.058680646,0.33766386,0.023025354,0.2153872,0.8494581,-4.8609567,82.243996,66.1514,13.263598,-12.013487,2.0746186,2.6349854,100.78047,-4.6889067,-3.0667439,47.27592267135326,53.04042179261863,61.880492091388405,36.59050966608085,63.44463971880493,99.96485061511424,22.601054481546576,49.2091388400703,97.39894551845344,25.869947275922673,37.188049209138846,12.09138840070299,54.93848857644992,64.56942003514939,96.80140597539544,99.54305799648508,69.9121265377856,98.13708260105447,62.81195079086117,95.67662565905096,57.50439367311073,98.80492091388402,25.553602811950793,51.28295254833041,75.46572934973639,97.29349736379616,14.481546572934976,52.54833040421793,94.02460456942003,97.2231985940246,48.40070298769772,45.16695957820738,36.59050966608085,69.45518453427066,81.12478031634447,65.09666080843586,56.97715289982426,75.50087873462215,80.8084358523726,44.88576449912127,12.899824253075572,82.81195079086116,55.07908611599297,80.84358523725835,78.5237258347979,46.0456942003515,54.93848857644992,27.029876977152902,73.35676625659052,90.43936731107206,19.05096660808436,9.455184534270652,2,1,0,5,1,0.8083418639528741,0.43917457550000005,0.6219739711618373,0.6812339916127927,0.28985380580575026,14
Cc1ccc(NS(=O)(=O)c2ccccc2[N+](=O)[O-])cc1C,PKM2_rank07_cid24813314,PKM2,24813314,7,0.6347085908426213,0.2111111119389534,0.0157134851971135,0,Cc1ccc(NS(=O)(=O)c2ccccc2[N+](=O)[O-])cc1C,O=S(=O)(Nc1ccccc1)c1ccccc1,306.3430000000001,3.0124400000000016,89.31,1,4,4,0,True,306.3430000000001,3.0124400000000016,4,1,4.0,0.6942210879425946,0,89.31,0,2,0,0.16901056,0.88952315,0.8282712,0.82407206,0.9718787,0.26229936,0.8718728,0.13570066,0.39863557,0.68600327,0.88086736,0.19855544,0.041335743,0.8994854,0.9999958,0.0043024593,0.013810316,0.23370989,0.20847699,0.018516485,0.12408851,0.008563349,0.964413,0.56879,0.2213661,0.009005757,0.027125508,0.54130876,0.025876414,0.4815927,0.60813904,-4.6904054,97.55119,78.11711,5.2027717,-9.78629,1.8357522,2.750526,101.14675,-4.7763205,-4.0688934,42.49560632688928,61.546572934973646,48.55887521968366,36.59050966608085,63.44463971880493,74.20035149384887,22.601054481546576,60.80843585237259,47.59226713532514,87.9261862917399,37.188049209138846,41.019332161687174,67.17047451669596,57.53954305799649,91.9859402460457,98.87521968365554,82.35500878734622,97.6449912126538,57.82073813708261,81.6871704745167,78.80492091388402,94.0597539543058,58.59402460456943,27.205623901581724,82.84710017574693,94.37609841827768,24.780316344463973,27.838312829525485,83.51493848857646,87.17047451669596,52.72407732864675,67.5219683655536,55.64147627416521,84.53427065026362,80.1054481546573,64.14762741652022,48.787346221441126,60.31634446397189,89.45518453427066,47.17047451669596,44.42882249560633,67.83831282952549,67.45166959578208,87.55711775043937,83.58523725834799,31.45869947275923,72.16168717047452,15.500878734622145,75.43057996485062,90.7908611599297,17.785588752196837,5.62390158172232,2,0,1,4,1,0.88119214757407,0.45982451116,0.47896960308953207,0.6551600923209643,0.28962606148156467,15
O=C(CSc1ccc(-c2ccco2)nn1)Nc1ccccc1,PKM2_rank18_cid24815762,PKM2,24815762,18,0.630046690275229,0.2111111119389534,0.0157134851971135,1,O=C(CSc1ccc(-c2ccco2)nn1)Nc1ccccc1,O=C(CSc1ccc(-c2ccco2)nn1)Nc1ccccc1,311.36600000000004,3.467400000000002,68.02,1,5,5,0,True,311.36600000000004,3.467400000000002,5,1,4.0,0.730755390158621,0,68.02,0,0,0,0.32018408,0.8728018,0.88587695,0.90076673,0.8445201,0.39097032,0.6663353,0.1190476,0.08433314,0.5657054,0.27954957,0.24208196,0.07021593,0.94559157,0.99993527,0.011690364,0.021572482,0.50890416,0.16009137,0.03997476,0.27037087,0.086091354,0.94236594,0.34303206,0.40822092,0.13280681,0.08235024,0.41456398,0.10644474,0.5289375,0.3399982,-4.7931404,117.197464,93.20662,18.550577,-9.430187,2.1411457,3.25821,96.307884,-4.5500536,0.609973,44.11247803163445,68.7170474516696,61.880492091388405,36.59050966608085,63.44463971880493,79.15641476274166,22.601054481546576,45.34270650263621,47.59226713532514,25.869947275922673,37.188049209138846,62.319859402460466,64.74516695957821,73.60281195079087,94.90333919156416,95.88752196836556,95.00878734622144,94.09490333919156,52.829525483304046,57.25834797891037,63.16344463971881,72.75922671353251,67.20562390158173,40.562390158172235,89.73637961335677,77.9261862917399,51.493848857645,43.47978910369069,93.53251318101934,82.91739894551846,70.50966608084359,88.99824253075572,86.18629173989456,75.81722319859404,71.0017574692443,78.24253075571178,89.63093145869948,80.8084358523726,84.3585237258348,74.34094903339192,51.14235500878735,53.81370826010545,59.96485061511424,92.61862917398946,88.47100175746925,55.782073813708266,74.0597539543058,30.826010544815468,84.3585237258348,81.58172231985941,21.757469244288227,41.37082601054482,2,1,0,3,0,0.8387105465698882,0.457709936,0.6116348795821962,0.685128942481724,0.28644839597403093,16
COc1cccc(NC(=O)CSc2ccc(-c3ccco3)nn2)c1,PKM2_rank14_cid51086450,PKM2,51086450,14,0.6320961817878987,0.2111111119389534,0.0157134851971135,1,COc1cccc(NC(=O)CSc2ccc(-c3ccco3)nn2)c1,O=C(CSc1ccc(-c2ccco2)nn1)Nc1ccccc1,341.392,3.4760000000000018,77.25,1,6,6,0,True,341.392,3.4760000000000018,6,1,4.0,0.6918106491397027,0,77.25,0,0,0,0.34419292,0.836318,0.8755878,0.93878746,0.92983043,0.30205825,0.808476,0.1511528,0.18285862,0.6735397,0.7513666,0.1609126,0.09133166,0.9465211,0.99998295,0.009017583,0.02511544,0.6894876,0.3131351,0.037989657,0.2288121,0.043252118,0.96062696,0.5278539,0.4630161,0.15687458,0.093604,0.49025393,0.10133674,0.39870778,0.57048863,-4.8896766,131.09268,111.69137,18.384138,-9.788439,1.8854129,3.3581417,99.980225,-4.9831862,-0.00074887276,51.880492091388405,68.89279437609842,72.46045694200352,36.59050966608085,63.44463971880493,73.70826010544816,22.601054481546576,52.30228471001758,47.59226713532514,25.869947275922673,37.188049209138846,64.67486818980669,60.913884007029885,70.12302284710019,96.62565905096662,97.75043936731107,87.76801405975397,96.62565905096662,60.597539543058005,70.40421792618629,77.22319859402461,89.73637961335677,48.85764499121266,48.506151142355016,89.94727592267137,87.48681898066785,44.39367311072056,49.34973637961336,96.80140597539544,92.65377855887525,69.42003514938489,85.97539543057998,78.34797891036908,82.91739894551846,78.84007029876977,81.51142355008788,91.63444639718806,82.74165202108964,87.38137082601055,73.46221441124781,33.67311072056239,66.29173989455185,53.21616871704746,95.07908611599298,92.19683655536028,55.465729349736385,72.16168717047452,18.207381370826013,86.01054481546574,88.99824253075572,14.727592267135329,35.008787346221446,2,1,0,4,0,0.8105325842159234,0.49531684220000005,0.5196570067050725,0.6322637754831448,0.2818918662064643,17
Cc1ccc(S(=O)(=O)NCc2ccc3c(c2)OCO3)cc1C,PKM2_rank19_cid49643082,PKM2,49643082,19,0.62848163012658,0.2063829809427261,0.0090268982175722,0,Cc1ccc(S(=O)(=O)NCc2ccc3c(c2)OCO3)cc1C,O=S(=O)(NCc1ccc2c(c1)OCO2)c1ccccc1,319.3820000000001,2.5106400000000004,64.63000000000001,1,4,4,0,True,319.3820000000001,2.5106400000000004,4,1,4.0,0.9402626750193558,0,64.63000000000001,0,0,0,0.36638206,0.93458253,0.8522194,0.97199947,0.988526,0.16896304,0.8030866,0.25297317,0.90194404,0.6024327,0.9857111,0.13124137,0.14906743,0.72257787,0.9999984,0.0034899474,0.02041111,0.5062413,0.38149673,0.012134675,0.07743005,0.002436398,0.9626409,0.5159522,0.19226709,0.012714492,0.06601458,0.16356747,0.017545484,0.45228162,0.8894454,-4.866645,128.43802,107.42932,-4.685102,-9.744668,1.6114699,2.9046006,98.62715,-4.36106,-3.156622,46.924428822495614,52.5834797891037,48.55887521968366,36.59050966608085,63.44463971880493,99.96485061511424,22.601054481546576,42.84710017574693,47.59226713532514,25.869947275922673,37.188049209138846,66.95957820738138,74.6572934973638,64.21792618629175,98.31282952548332,99.5079086115993,62.284710017574696,96.55536028119508,73.35676625659052,96.8365553602812,67.97891036906854,98.55887521968369,40.45694200351494,61.86291739894553,67.24077328646749,96.66080843585236,20.246045694200355,41.335676625659055,93.53251318101934,95.78207381370828,40.878734622144115,43.8664323374341,32.4780316344464,83.69068541300528,78.59402460456943,60.597539543058005,56.379613356766264,77.50439367311073,70.82601054481547,39.19156414762742,40.77328646748682,85.69420035149386,54.833040421792624,94.69244288224957,91.42355008787348,14.481546572934976,72.37258347978911,7.978910369068542,78.03163444639719,86.22144112478033,25.13181019332162,9.138840070298771,2,1,0,5,0,0.8191785478912044,0.5259411206,0.6403716058711252,0.6703162010613757,0.27882192913909454,18
CNS(=O)(=O)c1cc2c3c(cccc3c1)C(=O)NC2=O,PKM2_rank17_cid24787624,PKM2,24787624,17,0.6317161968160243,0.2063829809427261,0.0090268982175722,1,CNS(=O)(=O)c1cc2c3c(cccc3c1)C(=O)NC2=O,O=C1NC(=O)c2cccc3cccc1c23,290.3,0.6315000000000001,92.34,2,4,2,0,True,290.3,0.6315000000000001,4,2,4.0,0.7934980885649259,0,92.34,0,1,0,0.5206697,0.7614663,0.9148841,0.6094356,0.06547382,0.43078366,0.12881824,0.10138397,0.009906612,0.35809422,0.033944257,0.47354802,0.091594756,0.9861876,0.99330455,0.026451949,0.041368496,0.3443567,0.020754699,0.011929865,0.11533727,0.016979398,0.7439032,0.067208156,0.19861439,0.037830755,0.012992488,0.12248101,0.079399295,0.5448632,0.1092626,-4.9706664,34.466026,17.872469,37.272648,-15.833397,1.6902087,1.1789974,81.74568,-4.2708545,-4.289745,37.609841827768015,28.295254833040424,48.55887521968366,61.37082601054482,63.44463971880493,88.18980667838314,22.601054481546576,62.84710017574693,47.59226713532514,66.52021089630932,37.188049209138846,80.49209138840071,53.81370826010545,84.21792618629175,84.28822495606327,44.63971880492092,96.3444639718805,69.49033391915643,47.873462214411255,24.88576449912127,42.24956063268893,45.4481546572935,92.23198594024603,48.506151142355016,97.25834797891038,42.35500878734622,72.54833040421794,70.12302284710019,88.75219683655537,50.82601054481547,40.28119507908612,63.93673110720563,65.69420035149385,47.065026362038665,48.963093145869955,61.37082601054482,73.42706502636204,46.08084358523726,67.02987697715291,68.92794376098419,53.21616871704746,32.44288224956063,47.73286467486819,52.54833040421793,42.1792618629174,74.30579964850615,30.298769771529003,10.22847100175747,47.978910369068544,57.68014059753955,26.889279437609844,4.815465729349737,3,0,0,1,1,0.7142559859755496,0.48810262271999993,0.5388532148191721,0.6022753638969301,0.27393955667964875,19
COc1cccc(C[NH+]2CCN(S(=O)(=O)c3ccc(Br)cc3)CC2)c1,PKM2_rank15_cid14733227,PKM2,14733227,15,0.6320787712904775,0.2111111119389534,0.0157134851971135,0,COc1cccc(C[NH+]2CCN(S(=O)(=O)c3ccc(Br)cc3)CC2)c1,O=S(=O)(c1ccccc1)N1CC[NH+](Cc2ccccc2)CC1,426.3560000000001,1.5471,51.05,1,3,5,0,True,426.3560000000001,1.5471,3,1,4.0,0.7897228805722876,0,51.05,0,0,0,0.08202995,0.3523509,0.09352085,0.18956673,0.32925293,0.0009887002,0.03223449,0.3151009,0.7993704,0.035741337,0.5342003,0.27867436,7.0804614e-05,0.00812466,0.34445247,0.011583802,0.02779823,0.04030431,0.07475159,0.008386759,0.058034368,5.3941643e-05,0.35947442,0.13734083,0.21384498,0.0014752875,0.0016808528,0.04189397,0.0015026219,0.8459221,0.9397747,-4.698341,97.56205,79.50826,18.972292,-10.4502945,2.2480485,2.9959927,94.381836,-4.2888203,3.4525173,71.24780316344464,38.20738137082601,32.653778558875224,36.59050966608085,63.44463971880493,87.45166959578208,22.601054481546576,31.669595782073817,47.59226713532514,25.869947275922673,37.188049209138846,23.2688927943761,22.24956063268893,4.815465729349737,64.49912126537787,76.02811950790861,5.237258347978911,48.99824253075572,77.75043936731107,93.81370826010546,6.71353251318102,83.72583479789104,74.02460456942003,1.2653778558875222,3.620386643233744,12.9701230228471,51.21265377855888,53.04042179261863,59.367311072056246,70.50966608084359,30.65026362038665,28.68189806678383,4.499121265377856,28.400702987697716,56.80140597539543,63.23374340949034,20.28119507908612,12.829525483304044,52.37258347978911,7.557117750439368,89.3145869947276,91.42355008787348,66.74868189806679,87.55711775043937,83.9718804920914,56.30931458699473,66.99472759226714,37.78558875219684,79.40246045694201,77.29349736379613,26.572934973637963,65.62390158172232,2,0,0,2,0,0.40194765297558976,0.33921508395368,0.6735470637254013,0.5617167625057063,0.2712811584308665,20
COc1ccc(S(=O)(=O)N2CC[NH+](Cc3cccc(Cl)c3)CC2)cc1,PKM2_rank20_cid7977776,PKM2,7977776,20,0.6240059717767653,0.2035038783739226,0.0130985641178375,0,COc1ccc(S(=O)(=O)N2CC[NH+](Cc3cccc(Cl)c3)CC2)cc1,O=S(=O)(c1ccccc1)N1CC[NH+](Cc2ccccc2)CC1,381.9050000000001,1.4380000000000004,51.05,1,3,5,0,True,381.9050000000001,1.4380000000000004,3,1,4.0,0.8522177324943561,0,51.05,0,0,0,0.06405136,0.33820128,0.092782125,0.17476647,0.34792924,0.0010371038,0.04137882,0.3156312,0.8194977,0.035795514,0.5774645,0.2943775,7.3304844e-05,0.007926046,0.36741582,0.010723403,0.025763506,0.03573479,0.076639935,0.008528565,0.059345245,4.755334e-05,0.36446303,0.15204127,0.21958156,0.001076652,0.0016340932,0.03906616,0.001272362,0.8336414,0.93955976,-4.716478,106.61543,85.585495,8.323508,-10.592012,2.1363711,2.8328254,92.39076,-4.276693,1.1525228,61.08963093145871,37.08260105448155,32.653778558875224,36.59050966608085,63.44463971880493,95.3602811950791,22.601054481546576,31.669595782073817,47.59226713532514,25.869947275922673,37.188049209138846,17.609841827768015,21.47627416520211,4.780316344463972,63.30404217926187,77.68014059753955,5.413005272407734,52.79437609841828,77.78558875219684,94.23550087873464,6.748681898066785,84.9560632688928,76.2390158172232,1.2653778558875222,3.5852372583479792,13.251318101933215,49.03339191564148,50.298769771529,57.68014059753955,71.0017574692443,31.00175746924429,30.298769771529003,4.428822495606327,28.717047451669597,58.383128295254835,63.971880492091394,16.063268892794376,12.513181019332162,51.70474516695958,6.4323374340949035,88.04920913884008,91.38840070298772,65.4481546572935,90.1230228471002,86.36203866432338,36.76625659050967,65.97539543057997,30.439367311072058,76.73110720562391,73.49736379613357,26.81898066783831,47.41652021089632,2,0,0,2,0,0.40745044981157696,0.33550738402128,0.6812187216427674,0.5675298864942794,0.2543150833418643,21
CCc1ccc(OC)c(S(=O)(=O)N2CCN(C(=O)c3ccco3)CC2)c1,PKM2_rank26_cid47203229,PKM2,47203229,26,0.5797898656972177,0.17777777860562,0.0628539372762166,0,CCc1ccc(OC)c(S(=O)(=O)N2CCN(C(=O)c3ccco3)CC2)c1,O=C(c1ccco1)N1CCN(S(=O)(=O)c2ccccc2)CC1,378.4500000000001,1.9973000000000003,80.06000000000002,0,5,5,0,True,378.4500000000001,1.9973000000000003,5,0,4.0,0.7949766414302004,0,80.06000000000002,0,0,0,0.1920952,0.8782431,0.7839864,0.084255576,0.8636916,0.23165934,0.68630034,0.092563726,0.03292524,0.7215552,0.62926495,0.1668921,0.0372056,0.89104444,0.99993384,0.008129807,0.018177534,0.03333298,0.12347658,0.016333858,0.07233105,0.0327925,0.9615779,0.57575005,0.3084812,0.0125181405,0.027954172,0.17566814,0.03091595,0.3480807,0.38117433,-4.4662123,116.696754,99.07219,-15.649379,-9.855145,2.153659,2.3791258,83.13346,-3.7763932,-5.558095,60.38664323374341,44.49912126537786,61.880492091388405,11.63444639718805,63.44463971880493,88.36555360281196,22.601054481546576,53.84885764499122,47.59226713532514,25.869947275922673,37.188049209138846,45.4481546572935,65.62390158172232,47.48681898066784,53.145869947275926,96.48506151142357,76.41476274165203,94.37609841827768,45.16695957820738,42.39015817223199,83.83128295254834,86.39718804920915,50.93145869947276,24.850615114235502,81.61687170474518,77.75043936731107,41.335676625659055,36.977152899824254,56.695957820738144,78.80492091388402,49.03339191564148,40.84358523725835,74.51669595782074,83.23374340949034,80.31634446397189,71.10720562390159,56.06326889279438,60.80843585237259,71.8804920913884,51.31810193321618,26.92442882249561,56.555360281195085,84.11247803163445,92.44288224956064,89.73637961335677,3.4797891036906856,71.81019332161688,31.84534270650264,68.43585237258348,59.156414762741655,36.76625659050967,2.6010544815465733,1,0,0,3,0,0.9585259857337091,0.39593191420000007,0.701017177006346,0.7797834276957047,0.19798730723286173,22
COc1ccc(S(=O)(=O)Nc2cccnc2)c(C)c1C,PKM2_rank25_cid47203062,PKM2,47203062,25,0.5812523998907665,0.17777777860562,0.0628539372762166,0,COc1ccc(S(=O)(=O)Nc2cccnc2)c(C)c1C,O=S(=O)(Nc1cccnc1)c1ccccc1,292.36000000000007,2.5078400000000007,68.29,1,4,4,0,True,292.36000000000007,2.5078400000000007,4,1,4.0,0.939805239170736,0,68.29,0,0,0,0.009637177,0.7373892,0.9011822,0.7831884,0.94832194,0.23972733,0.80618227,0.09997368,0.30531818,0.41213846,0.9552845,0.05775239,0.045101922,0.84252775,0.99999964,0.00058919657,0.01385733,0.17474394,0.1986727,0.0048695006,0.034638844,0.00087808835,0.9406495,0.1630476,0.066967234,0.002893197,0.019451788,0.058297403,0.0030654366,0.117350064,0.5145176,-4.8855467,52.491768,33.39829,5.528033,-12.780862,2.0346382,1.676207,93.273026,-3.986796,-2.8029175,38.20738137082601,52.54833040421793,48.55887521968366,36.59050966608085,63.44463971880493,99.96485061511424,22.601054481546576,45.377855887521974,47.59226713532514,25.869947275922673,37.188049209138846,2.6362038664323375,51.81019332161688,79.43760984182778,90.43936731107206,98.13708260105447,77.89103690685414,96.62565905096662,47.66256590509666,77.4340949033392,47.5219683655536,96.76625659050968,18.34797891036907,29.630931458699475,76.06326889279438,98.98066783831284,2.8471001757469248,27.908611599297014,79.33216168717048,86.29173989455185,17.820738137082603,9.138840070298771,17.504393673110723,75.21968365553603,59.050966608084366,33.53251318101933,29.806678383128297,54.376098418277685,56.73110720562391,14.340949033391915,4.674868189806679,63.55008787346222,53.602811950790866,65.65905096660809,56.59050966608085,31.84534270650264,49.10369068541301,25.13181019332162,56.344463971880494,75.2548330404218,32.72407732864675,11.107205623901583,2,0,0,4,0,0.8059876181485199,0.34044318698000003,0.7226886208809088,0.7402252678227261,0.194460759147973,23
COc1ccc(S(=O)(=O)N2CCc3cc(OC)c(OC)cc3C2)cc1,PKM2_rank27_cid24801862,PKM2,24801862,27,0.579663697384825,0.17777777860562,0.0628539372762166,1,COc1ccc(S(=O)(=O)N2CCc3cc(OC)c(OC)cc3C2)cc1,O=S(=O)(c1ccccc1)N1CCc2ccccc2C1,363.4350000000001,2.4594000000000005,65.07000000000001,0,5,5,0,True,363.4350000000001,2.4594000000000005,5,0,4.0,0.8164468848131348,0,65.07000000000001,0,0,0,0.29390195,0.8983148,0.88146275,0.29287612,0.8319662,0.20359664,0.50605285,0.19688796,0.04917728,0.7878579,0.8195993,0.06818947,0.071061596,0.820553,0.99999523,0.005514036,0.03418026,0.10658302,0.15120295,0.01702038,0.08679934,0.009389343,0.9784522,0.6207134,0.21806741,0.019721966,0.024277162,0.24297659,0.023097109,0.3168659,0.61683255,-4.662925,118.515305,103.15688,-13.385839,-9.224126,1.992234,2.3024566,84.43982,-3.8932748,-5.873611,57.04745166959579,51.70474516695958,61.880492091388405,11.63444639718805,63.44463971880493,91.2829525483304,22.601054481546576,43.23374340949034,47.59226713532514,25.869947275922673,37.188049209138846,59.507908611599305,68.29525483304043,72.16168717047452,72.19683655536029,95.4657293497364,70.65026362038665,90.08787346221442,67.31107205623903,48.85764499121266,91.42355008787348,91.95079086115994,21.58172231985941,40.84358523725835,74.2706502636204,93.77855887521967,30.298769771529003,62.284710017574696,71.95079086115993,81.75746924428823,50.05272407732865,49.244288224956065,57.04745166959579,92.05623901581724,82.07381370826012,63.90158172231987,64.04217926186293,58.34797891036907,76.37961335676626,44.88576449912127,23.47978910369069,68.26010544815466,69.49033391915643,92.75922671353251,90.72056239015818,4.850615114235501,75.60632688927944,23.233743409490337,67.45166959578208,60.597539543058005,34.41124780316345,2.249560632688928,2,0,0,3,0,0.894990493484862,0.44432723852,0.6738511768621525,0.7327622996656982,0.19072647839087836,24
N#Cc1ccccc1S(=O)(=O)Nc1ccc2c(c1)OCCO2,PKM2_rank28_cid47197893,PKM2,47197893,28,0.5789553865601902,0.1730496476093928,0.0561673502966754,0,N#Cc1ccccc1S(=O)(=O)Nc1ccc2c(c1)OCCO2,O=S(=O)(Nc1ccc2c(c1)OCCO2)c1ccccc1,316.3380000000001,2.13028,88.42,1,5,3,0,True,316.3380000000001,2.13028,5,1,4.0,0.9368102820256036,0,88.42,0,0,0,0.010704672,0.7476043,0.844705,0.8111657,0.9435342,0.33212414,0.88105935,0.10916339,0.22771995,0.47593156,0.80089664,0.12210004,0.045566883,0.91220284,0.99998987,0.0031362753,0.024613185,0.2426202,0.16435014,0.012389245,0.07961421,0.009921817,0.92339647,0.35181525,0.15094665,0.011522328,0.030036336,0.2201936,0.021922087,0.17231709,0.39881614,-4.669016,75.02022,49.762173,8.772995,-11.809863,1.8603939,1.9639165,99.326904,-4.7333198,-4.979243,45.9402460456942,46.60808435852373,61.880492091388405,36.59050966608085,63.44463971880493,99.96485061511424,22.601054481546576,60.00000000000001,47.59226713532514,25.869947275922673,37.188049209138846,2.9173989455184537,52.93497363796134,61.61687170474517,91.493848857645,98.0316344463972,90.7908611599297,97.96133567662568,50.017574692442885,73.11072056239017,53.0755711775044,91.38840070298772,37.68014059753955,30.123022847100177,84.32337434094904,90.1230228471002,18.594024604569423,48.787346221441126,84.00702987697716,83.23374340949034,41.61687170474517,44.99121265377856,58.066783831282955,70.43936731107206,71.38840070298771,54.692442882249566,54.44639718804921,62.17926186291741,75.00878734622145,44.00702987697716,8.963093145869948,57.60984182776802,68.89279437609842,77.29349736379613,68.50615114235501,37.68014059753955,56.44991212653779,16.660808435852374,61.75746924428823,87.45166959578208,18.172231985940247,3.3743409490333924,1,0,0,4,0,0.8763464495605913,0.3439329992,0.6334677828191972,0.7362690540109555,0.18836556842794178,25
CCC(CC)C(=O)N1N=C(c2ccc(NS(C)(=O)=O)cc2)CC1c1ccc(C)cc1,PKM2_rank29_cid24790031,PKM2,24790031,29,0.5772409062194082,0.1625,0.053033008588991,0,CCC(CC)C(=O)N1N=C(c2ccc(NS(C)(=O)=O)cc2)CC1c1ccc(C)cc1,c1ccc(C2=NNC(c3ccccc3)C2)cc1,427.5700000000002,4.480420000000004,78.84,1,4,7,0,True,427.5700000000002,4.480420000000004,4,1,4.0,0.7074847643747976,1,78.84,0,0,0,0.045965504,0.69423014,0.7762205,0.31458682,0.95753443,0.28053224,0.9642447,0.101485565,0.14299157,0.7819269,0.95312405,0.10654867,0.061553348,0.9444178,0.99997884,0.0043189987,0.019236224,0.2896436,0.2924814,0.031278823,0.114353694,0.03950341,0.9405447,0.91484916,0.40638766,0.022264693,0.057653822,0.58241,0.040041897,0.14700153,0.78255427,-4.9298496,39.02924,45.856987,13.958464,-13.651976,2.93158,3.1169324,97.454124,-4.6287637,-0.31547767,71.81019332161688,83.58523725834799,48.55887521968366,36.59050966608085,63.44463971880493,76.30931458699473,55.32513181019333,53.286467486818985,47.59226713532514,25.869947275922673,37.188049209138846,12.40773286467487,47.59226713532514,46.08084358523726,73.1810193321617,98.34797891036908,84.71001757469244,99.19156414762745,47.873462214411255,66.5377855887522,90.75571177504396,96.66080843585236,32.40773286467487,37.08260105448155,89.56063268892795,86.22144112478033,24.88576449912127,39.01581722319859,86.4323374340949,91.59929701230227,64.81546572934974,63.37434094903339,77.04745166959579,75.21968365553603,94.41124780316343,78.13708260105449,65.86994727592268,75.21968365553603,90.82601054481547,56.13356766256591,7.240773286467488,77.71528998242532,50.43936731107206,56.13356766256591,65.86994727592268,47.34622144112478,43.69068541300528,79.12126537785589,81.44112478031636,83.93673110720563,20.28119507908612,32.61862917398946,2,0,1,3,0,0.790491259981933,0.44167604404,0.7255269190965586,0.7097119146665687,0.1780706071906567,26
O=S(=O)(c1ccccc1F)N1CCc2ccccc2C1,PKM2_rank21_cid49643274,PKM2,49643274,21,0.5832346263229066,0.1291666666666666,0.0058925565098878,0,O=S(=O)(c1ccccc1F)N1CCc2ccccc2C1,O=S(=O)(c1ccccc1)N1CCc2ccccc2C1,291.347,2.572700000000001,37.38,0,2,2,0,True,291.347,2.572700000000001,2,0,4.0,0.8525592950307996,0,37.38,0,0,0,0.31400734,0.9781787,0.74607134,0.85062045,0.95345414,0.20902339,0.7063529,0.111835204,0.19575569,0.5866833,0.39105523,0.15336405,0.027889108,0.65647566,0.9999989,0.005050593,0.01439219,0.06503669,0.09626751,0.036029246,0.23328662,0.018720608,0.9748702,0.35352919,0.20833592,0.010067426,0.06515893,0.27937454,0.034153864,0.7050388,0.46571907,-4.380752,114.77226,81.85484,-3.1620002,-6.027673,1.9092796,2.4510174,79.76593,-3.3464713,-4.5639753,37.926186291739896,53.77855887521969,17.10017574692443,11.63444639718805,63.44463971880493,95.3602811950791,22.601054481546576,20.509666080843587,47.59226713532514,25.869947275922673,37.188049209138846,61.6871704745167,89.10369068541301,40.28119507908612,92.79437609841828,98.27768014059755,72.091388400703,94.8681898066784,50.790861159929705,71.17750439367312,66.01054481546574,78.38312829525483,46.643233743409496,17.715289982425308,63.198594024604574,97.5395430579965,28.084358523725836,29.34973637961336,66.46748681898067,74.72759226713534,67.94376098418279,86.29173989455185,66.92442882249561,90.33391915641477,71.49384885764499,62.636203866432346,51.21265377855888,77.3286467486819,77.9261862917399,52.72407732864675,73.60281195079087,60.73813708260106,88.29525483304043,91.9859402460457,85.02636203866433,16.836555360281196,90.86115992970124,19.40246045694201,69.98242530755712,55.67662565905097,44.81546572934974,4.1124780316344465,2,0,0,3,0,0.9923567264953358,0.41828094656000003,0.7182768615950879,0.7937693555164151,0.176673015386374,27
O=S(=O)(NCc1ccc2c(c1)OCO2)c1ccc(F)cc1,PKM2_rank22_cid47201282,PKM2,47201282,22,0.5824620030016116,0.1291666666666666,0.0058925565098878,0,O=S(=O)(NCc1ccc2c(c1)OCO2)c1ccc(F)cc1,O=S(=O)(NCc1ccc2c(c1)OCO2)c1ccccc1,309.318,2.0329,64.63000000000001,1,4,4,0,True,309.318,2.0329,4,1,4.0,0.938394611911142,0,64.63000000000001,0,0,0,0.34618926,0.9248009,0.87518346,0.9502536,0.96516216,0.23626828,0.65415704,0.22457802,0.84888667,0.530928,0.92031157,0.21565616,0.15588705,0.74065745,0.9999965,0.00495309,0.019827142,0.37466243,0.24986191,0.011655216,0.09845004,0.0041089887,0.9380638,0.32231343,0.18182775,0.012738098,0.05524839,0.11565943,0.022947615,0.5003017,0.78777933,-4.6543617,100.31783,74.535515,-0.6737741,-10.003433,1.8837512,2.413545,91.38753,-3.9327705,-3.6732948,43.30404217926187,45.27240773286468,48.55887521968366,36.59050966608085,63.44463971880493,99.96485061511424,22.601054481546576,42.84710017574693,47.59226713532514,25.869947275922673,37.188049209138846,64.9560632688928,72.75922671353251,70.08787346221442,97.18804920913884,98.6291739894552,77.29349736379613,93.88400702987698,70.65026362038665,94.97363796133568,59.191564147627425,95.57117750439367,62.70650263620387,63.12829525483305,68.29525483304043,94.83304042179265,27.55711775043937,40.07029876977153,89.59578207381372,89.66608084358525,39.789103690685415,55.95782073813709,41.968365553602816,74.51669595782074,69.8066783831283,59.367311072056246,56.41476274165203,74.2706502636204,66.36203866432338,44.88576449912127,46.50263620386644,77.99648506151144,70.12302284710019,88.29525483304043,82.21441124780317,20.949033391915645,70.96660808435853,18.101933216168717,69.24428822495607,71.91564147627417,33.5676625659051,6.71353251318102,3,0,0,5,0,0.8858619471921203,0.5175331098,0.7017140090700266,0.7205614046013574,0.16442016684940552,28
Cc1ncc([N+](=O)[O-])n1S(=O)(=O)c1cc(Br)ccc1Br,PKM2_rank24_cid47201702,PKM2,47201702,24,0.5818941109648273,0.1291666666666666,0.0058925565098878,0,Cc1ncc([N+](=O)[O-])n1S(=O)(=O)c1cc(Br)ccc1Br,O=S(=O)(c1ccccc1)n1ccnc1,425.0580000000001,2.861720000000001,95.1,0,5,3,0,True,425.0580000000001,2.861720000000001,5,0,4.0,0.5571198201950306,0,95.1,0,2,0,0.41803747,0.8114735,0.8206293,0.13314345,0.61529905,0.25835317,0.3149857,0.04533257,0.04904578,0.66514975,0.22099952,0.42794877,0.012799935,0.95124376,0.99973553,0.009304406,0.0043261414,0.016704291,0.056047626,0.007668833,0.0465568,0.01908135,0.92104113,0.117433906,0.28395212,0.004204492,0.018652182,0.18233886,0.050031535,0.74093163,0.12633051,-4.445802,83.327614,65.78996,46.78841,-8.728233,2.0504644,2.256928,98.88079,-4.9849944,-0.16682048,71.07205623901582,59.29701230228471,61.880492091388405,11.63444639718805,63.44463971880493,54.516695957820744,22.601054481546576,64.88576449912127,47.59226713532514,87.9261862917399,37.188049209138846,71.73989455184535,58.34797891036907,55.465729349736385,59.75395430579965,89.03339191564149,81.47627416520211,81.8980667838313,28.78734622144113,48.85764499121266,76.06326889279438,69.10369068541301,89.38488576449913,8.611599297012303,90.61511423550088,67.76801405975397,45.20210896309315,4.358523725834798,46.85413005272408,65.94024604569421,28.049209138840073,18.207381370826013,67.27592267135326,69.77152899824253,54.6572934973638,69.56063268892795,35.782073813708266,53.42706502636205,72.51318101933217,60.140597539543066,77.82073813708261,34.516695957820744,85.41300527240774,81.26537785588754,78.34797891036908,79.78910369068542,78.5237258347979,25.9402460456942,66.57293497363797,86.6432337434095,14.727592267135329,33.88400702987698,2,0,0,1,1,0.9533960748229796,0.4664834902000001,0.4426717558891202,0.669672671940384,0.15585216699323826,29
COC(=O)CC[NH+]1CCN(S(=O)(=O)c2cccc(Br)c2)CC1,PKM2_rank30_cid24834498,PKM2,24834498,30,0.5741866295148227,0.1180555555555555,0.0098209275164798,0,COC(=O)CC[NH+]1CCN(S(=O)(=O)c2cccc(Br)c2)CC1,O=S(=O)(c1ccccc1)N1CC[NH2+]CC1,392.2950000000002,-0.0985999999999989,68.12,1,4,5,0,True,392.2950000000002,-0.0985999999999989,4,1,4.0,0.7113023645032315,0,68.12,0,0,0,0.1695339,0.44475174,0.2153018,0.11512568,0.14561307,0.0018584157,0.016102578,0.25324172,0.36887345,0.04055629,0.19293822,0.3150107,0.00017963715,0.011873496,0.3954659,0.01926351,0.029475128,0.017087197,0.01303339,0.006529582,0.06535544,7.579479e-05,0.35725877,0.025258223,0.089707874,0.0013223055,0.0012836455,0.006362251,0.0016699949,0.87711203,0.7249483,-4.4984145,88.926186,50.954998,9.71866,-12.2712755,1.8072323,1.3576854,68.432014,-2.858706,3.985937,63.76098418277681,21.300527240773288,48.55887521968366,36.59050966608085,63.44463971880493,76.8365553602812,22.601054481546576,45.34270650263621,47.59226713532514,25.869947275922673,37.188049209138846,41.05448154657294,28.68189806678383,7.732864674868191,57.99648506151143,59.156414762741655,6.221441124780317,38.10193321616872,73.35676625659052,80.49209138840071,7.416520210896309,67.17047451669596,79.0158172231986,1.616871704745167,4.147627416520211,13.919156414762742,64.88576449912127,55.7469244288225,47.1353251318102,44.147627416520216,24.04217926186292,35.114235500878735,5.131810193321617,28.365553602811953,40.07029876977153,41.05448154657294,18.594024604569423,10.685413005272409,31.17750439367311,8.576449912126538,93.00527240773287,73.70826010544816,81.96836555360282,83.79613356766258,69.38488576449913,39.40246045694201,52.75922671353252,14.235500878734625,51.03690685413006,44.11247803163445,55.28998242530757,69.27943760984184,2,0,0,0,0,0.493985579008712,0.318869552498,0.6839233471929014,0.6072500149965002,0.13611216518723837,30
